timestamp,flex1,flex2
1772274801.5139377,816,832
1772274803.9513316,816,832
1772274806.51465,816,832
1772274809.0809557,1856,1771
1772274811.4691792,1856,1771
1772274813.8740075,1856,1771
1772274816.2755802,1856,1771
1772274818.7261207,1856,1771
1772274821.2485392,1856,1771
1772274823.795888,1856,1771
1772274826.2456279,1669,1741
1772274828.7575738,1669,1741
1772274831.3163211,1669,1741
1772274833.8773735,1669,1741
1772274836.2744172,1669,1741
1772274838.7091322,80,17
1772274841.1068475,80,17
1772274843.5672567,80,17
1772274846.2009628,34,45
1772274848.6309037,34,45
1772274851.6424372,34,45
1772274854.1898656,34,45
1772274856.7040067,687,662
1772274859.1194408,687,662
1772274861.5237224,687,662
1772274863.9502711,687,662
1772274866.5163846,687,662
1772274869.0761628,3261,3483
1772274871.634888,3261,3483
1772274874.195409,3261,3483
1772274876.5970592,3261,3483
1772274879.1640885,3261,3483
1772274881.5995524,3261,3483
1772274884.127146,3261,3483
1772274886.7041886,3261,3483
1772274889.2363029,3261,3483
1772274891.8036048,3261,3483
1772274894.2363408,3261,3483
1772274896.7620573,3261,3483
1772274899.317054,3261,3483
1772274901.7577205,343,305
1772274904.2760935,343,305
1772274906.7151508,343,305
1772274910.8367944,343,305
1772274913.3547847,343,305
1772274915.8021605,854,819
1772274918.2417278,854,819
1772274920.686252,1219,1200
1772274923.1128502,1219,1200
1772274925.5502784,1219,1200
1772274928.1160548,1219,1200
1772274930.675467,1219,1200
1772274933.2365742,1219,1200
1772274935.8095925,1219,1200
1772274938.3566985,1219,1200
1772274940.9156692,1452,1391
1772274943.476644,1452,1391
1772274946.037988,1452,1391
1772274948.5964432,1452,1391
1772274951.027168,1452,1391
1772274953.5621738,716,713
1772274956.1184218,716,713
1772274958.6765506,1211,1217
1772274961.23664,1211,1217
1772274963.7966557,1211,1217
1772274966.3620875,1211,1217
1772274969.9254577,1211,1217
1772274972.4365225,883,879
1772274975.0025342,883,879
1772274977.5586095,883,879
1772274980.1163247,883,879
1772274982.67647,64,70
1772274985.2069993,64,70
1772274987.615423,64,70
1772274990.0175633,1778,1742
1772274992.5973141,1778,1742
1772274995.166513,1778,1742
1772274997.7183056,1778,1742
1772275000.148233,1778,1742
1772275002.6776645,3606,3210
1772275005.2475328,3606,3210
1772275007.7969115,3606,3210
1772275010.3508415,3606,3210
1772275012.91075,3606,3210
1772275015.482342,3606,3210
1772275018.0372825,3606,3210
1772275020.596472,3606,3210
1772275023.1621718,3606,3210
1772275025.7276156,3606,3210
1772275028.3225844,3606,3210
1772275030.8307936,3606,3210
1772275033.4031334,3606,3210
1772275035.9511433,3606,3210
1772275038.5165155,3606,3210
1772275041.0807815,3606,3210
1772275043.65788,3606,3210
1772275046.1968508,3606,3210
1772275048.728744,3606,3210
1772275051.3104923,3606,3210
1772275053.8841836,3606,3210
1772275056.4295368,3606,3210
1772275058.991688,3606,3210
1772275061.4070475,1615,1567
1772275063.9639318,1615,1567
1772275066.418072,1065,1076
1772275068.9169862,1065,1076
1772275071.477677,1065,1076
1772275074.0363474,1065,1076
1772275076.4852488,1065,1076
1772275078.997186,1065,1076
1772275081.563094,452,542
1772275084.0968184,452,542
1772275086.6521754,452,542
1772275089.2103834,452,542
1772275091.691853,452,542
1772275094.1678011,452,542
1772275096.641038,452,542
1772275099.051097,452,542
1772275101.537282,452,542
1772275103.9518845,452,542
1772275106.4898977,452,542
1772275109.057132,452,542
1772275111.527721,452,542
1772275114.0055847,122,128
1772275116.5024793,122,128
1772275118.9748292,122,128
1772275121.5262134,122,128
1772275123.9464154,122,128
1772275126.417402,122,128
1772275128.8820748,122,128
1772275131.3779938,230,186
1772275133.7732835,230,186
1772275136.1943915,1392,1364
1772275138.6783829,1392,1364
1772275141.2096426,1392,1364
1772275143.6358469,176,145
1772275146.2034633,176,145
1772275148.644879,176,145
1772275151.1373415,176,145
1772275153.7159393,176,145
1772275156.1832137,74,87
1772275158.6856503,74,87
1772275161.0916297,74,87
1772275163.637853,74,87
1772275166.101426,74,87
1772275168.596405,74,87
1772275171.1652968,74,87
1772275173.576741,74,87
1772275176.0134406,491,444
1772275178.4215624,491,444
1772275180.8484416,491,444
1772275183.31837,491,444
1772275185.7762506,491,444
1772275188.2625654,491,444
1772275190.6523209,491,444
1772275193.209567,987,978
1772275195.7040932,987,978
1772275198.2108848,987,978
1772275200.6591573,987,978
1772275203.1428795,987,978
1772275205.6061795,1287,1294
1772275208.0198805,1287,1294
1772275210.4092019,1287,1294
1772275212.9141054,1287,1294
1772275215.3303196,1287,1294
1772275217.7678778,1287,1294
1772275220.2454395,1287,1294
1772275222.629353,1287,1294
1772275225.0833588,882,864
1772275227.6373615,882,864
1772275230.684006,882,864
1772275233.1310701,882,864
1772275235.5445545,658,650
1772275238.0453184,658,650
1772275240.5213408,658,650
1772275242.9875593,313,301
1772275245.560987,313,301
1772275247.9817357,313,301
1772275250.5066772,313,301
1772275252.955436,313,301
1772275255.3893466,313,301
1772275257.8884978,313,301
1772275260.3579502,1442,1393
1772275264.456806,1442,1393
1772275266.916619,1442,1393
1772275269.4084299,1442,1393
1772275271.852142,75,78
1772275274.357734,75,78
1772275276.9101856,75,78
1772275279.3791795,1165,1114
1772275281.900689,1165,1114
1772275284.4368987,701,657
1772275286.8514786,701,657
1772275289.2918458,429,393
1772275291.7267826,429,393
1772275294.1999922,1216,1161
1772275296.6693885,1216,1161
1772275299.1588519,1216,1161
1772275301.6300633,1216,1161
1772275304.1215281,1216,1161
1772275306.5932832,496,501
1772275309.072886,496,501
1772275311.5079536,496,501
1772275313.9664304,1250,1207
1772275316.4448273,1250,1207
1772275320.9882543,1250,1207
1772275323.4980724,1250,1207
1772275325.9496856,792,784
1772275328.4382105,792,784
1772275331.7719314,792,784
1772275334.2992592,792,784
1772275336.7777743,792,784
1772275339.2252104,792,784
1772275341.7352931,792,784
1772275344.2010791,792,784
1772275347.2019482,792,784
1772275349.7172992,792,784
1772275352.189367,792,784
1772275354.6848032,792,784
1772275357.1426015,792,784
1772275359.6463518,792,784
1772275363.8088706,792,784
1772275366.2850845,792,784
1772275368.7723377,792,784
1772275371.248717,792,784
1772275373.7288594,129,112
1772275376.2241027,1046,1011
1772275378.7030363,1046,1011
1772275381.122574,0,0
1772275383.6395285,0,0
1772275386.1123304,0,0
1772275388.609639,0,0
1772275391.0919023,528,491
1772275393.5727932,528,491
1772275396.0543578,976,1006
1772275398.6220913,976,1006
1772275401.0964909,0,0
1772275403.654116,0,0
1772275406.1645248,0,0
1772275408.7104611,0,0
1772275411.192121,0,0
1772275413.742347,0,0
1772275416.2127395,0,0
1772275418.9981873,0,0
1772275421.4639518,193,177
1772275424.0026155,193,177
1772275426.4568703,925,931
1772275428.9655185,925,931
1772275431.4224138,207,208
1772275433.902622,207,208
1772275436.3905754,0,0
1772275438.8687687,0,0
1772275441.3470294,263,286
1772275443.8234484,263,286
1772275446.2999446,835,850
1772275448.775292,835,850
1772275451.2822304,541,511
1772275453.8223913,541,511
1772275456.307685,0,0
1772275458.7861712,0,0
1772275461.2315888,0,0
1772275463.7020357,0,0
1772275466.2222707,0,0
1772275468.703714,0,0
1772275471.197167,0,0
1772275473.7585137,0,0
1772275476.2181334,553,523
1772275478.6922545,553,523
1772275481.181826,0,0
1772275483.6823533,0,0
1772275486.1602056,0,0
1772275488.6394272,0,0
1772275491.1630993,0,0
1772275493.7664058,0,0
1772275496.318181,0,0
1772275498.8827555,0,0
1772275501.373537,334,327
1772275503.912394,334,327
1772275506.402356,0,0
1772275508.8553326,0,0
1772275511.3858538,0,0
1772275513.9236753,0,0
1772275516.396963,0,0
1772275518.9024084,0,0
1772275521.428435,0,0
1772275523.914323,0,0
1772275526.4036026,0,0
1772275528.8766582,0,0
1772275531.383039,0,0
1772275533.9152951,0,0
1772275536.4126127,0,0
1772275538.8871076,0,0
1772275541.5425708,0,0
1772275544.0435905,0,0
1772275546.6190102,0,0
1772275549.2274935,0,0
1772275551.781641,0,0
1772275554.3950112,0,0
1772275556.9020526,0,0
1772275559.477772,0,0
1772275561.9912162,0,0
1772275564.5114589,0,0
1772275567.069394,0,0
1772275569.6196184,0,0
1772275572.1805847,0,0
1772275574.7396066,0,0
1772275577.3102388,0,0
1772275579.8632028,0,0
1772275582.4329405,0,0
1772275584.9573295,0,0
1772275587.5355103,0,0
1772275590.0150044,0,0
1772275594.1734014,0,0
1772275596.7413616,0,0
1772275599.2945952,0,0
1772275601.7828069,0,0
1772275604.346549,0,0
1772275606.9037666,0,0
1772275609.4962313,0,0
1772275612.0232844,0,0
1772275614.4971418,0,0
1772275617.0592525,0,0
1772275619.5663424,0,0
1772275622.1153286,0,0
1772275624.8942568,0,0
1772275627.3731148,0,0
1772275629.9459581,0,0
1772275632.493943,0,0
1772275635.0718005,0,0
1772275637.631002,0,0
1772275640.1382523,0,0
1772275642.679661,0,0
1772275645.1749315,0,0
1772275647.7088578,0,0
1772275650.206191,0,0
1772275652.7661467,0,0
1772275655.3255768,0,0
1772275658.0565274,0,0
1772275660.575004,0,0
1772275663.2448156,0,0
1772275665.7957237,0,0
1772275668.354566,0,0
1772275670.8942862,0,0
1772275673.4890418,0,0
1772275676.157902,0,0
1772275678.7545145,0,0
1772275681.3143637,0,0
1772275683.8885148,0,0
1772275686.4360585,0,0
1772275689.0043247,0,0
1772275691.507803,0,0
1772275694.0038872,0,0
1772275696.5272617,0,0
1772275699.0273345,0,0
1772275701.575955,0,0
1772275704.099161,0,0
1772275706.7804003,0,0
1772275709.3714664,0,0
1772275713.482251,0,0
1772275716.0500476,0,0
1772275718.6108649,0,0
1772275721.16336,0,0
1772275723.7250967,0,0
1772275726.2884386,0,0
1772275728.8322809,0,0
1772275731.418594,0,0
1772275733.9719322,0,0
1772275736.5287085,0,0
1772275739.0735385,0,0
1772275741.575753,0,0
1772275744.1945653,0,0
1772275746.7531545,0,0
1772275749.3147335,0,0
1772275751.8254921,0,0
1772275754.367659,0,0
1772275756.8887372,0,0
1772275759.4879732,0,0
1772275762.0479455,0,0
1772275764.6812928,0,0
1772275767.2141175,0,0
1772275771.427906,0,0
1772275773.916362,0,0
1772275776.417762,0,0
1772275778.9211009,0,0
1772275781.480675,0,0
1772275784.0429957,0,0
1772275786.5924244,0,0
1772275789.1659305,0,0
1772275791.7071784,0,0
1772275794.2816606,0,0
1772275796.8349297,0,0
1772275799.3703964,0,0
1772275801.8876069,0,0
1772275804.4625645,0,0
1772275807.0687892,0,0
1772275809.6339762,0,0
1772275812.2098799,40,31
1772275814.7447853,40,31
1772275817.2428455,278,283
1772275819.8798578,278,283
1772275823.3143036,278,283
1772275825.8895736,278,283
1772275828.4499435,80,79
1772275831.0070896,80,79
1772275833.6444998,80,79
1772275836.2117114,80,79
1772275838.7796288,80,79
1772275841.3086424,80,79
1772275843.8699698,80,79
1772275846.4420693,80,79
1772275849.0086255,80,79
1772275851.529501,48,43
1772275854.1253424,48,43
1772275856.6937406,302,304
1772275859.2483714,302,304
1772275861.806482,219,214
1772275864.3744168,219,214
1772275866.9348252,49,55
1772275869.473138,49,55
1772275872.0551598,49,55
1772275874.5563302,49,55
1772275877.0855541,49,55
1772275879.6414783,49,55
1772275882.1668482,49,55
1772275884.6711566,49,55
1772275887.1952877,49,55
1772275889.7149353,49,55
1772275892.3672862,49,55
1772275894.885237,49,55
1772275897.4006898,49,55
1772275899.950619,49,55
1772275902.5173116,49,55
1772275905.157447,49,55
1772275907.7091663,49,55
1772275910.2726698,49,55
1772275912.844855,49,55
1772275915.3994353,49,55
1772275917.9147904,49,55
1772275920.4661577,49,55
1772275923.0002117,49,55
1772275925.5716224,49,55
1772275928.1989875,49,55
1772275930.757203,49,55
1772275933.317993,49,55
1772275935.8802125,49,55
1772275938.3959231,49,55
1772275940.9053226,49,55
1772275943.5691507,49,55
1772275946.059549,49,55
1772275948.5905113,49,55
1772275951.1380806,49,55
1772275953.7005212,49,55
1772275956.2145054,49,55
1772275958.7248309,49,55
1772275961.308241,49,55
1772275963.8749511,49,55
1772275966.4295204,49,55
1772275968.9888465,49,55
1772275971.4856913,49,55
1772275973.9954195,49,55
1772275976.5120015,49,55
1772275979.0684173,49,55
1772275981.5732577,49,55
1772275984.115283,49,55
1772275986.6679714,49,55
1772275989.3098183,49,55
1772275991.8162882,49,55
1772275994.4672554,49,55
1772275996.9795349,49,55
1772275999.5638864,49,55
1772276002.0757878,49,55
1772276004.6734605,49,55
1772276007.2306454,49,55
1772276009.7939584,49,55
1772276012.3219497,49,55
1772276014.818964,49,55
1772276017.3794641,49,55
1772276019.9631264,49,55
1772276022.578315,49,55
1772276025.7893493,49,55
1772276028.363472,49,55
1772276030.8563225,49,55
1772276033.3989763,49,55
1772276035.950806,49,55
1772276038.5888402,49,55
1772276041.0943532,49,55
1772276043.714646,49,55
1772276046.2665992,49,55
1772276048.8359575,49,55
1772276051.3929925,278,310
1772276053.8797925,278,310
1772276056.4387465,278,310
1772276058.9883971,278,310
1772276061.496002,278,310
1772276064.060232,278,310
1772276066.589082,198,176
1772276069.0926259,198,176
1772276071.5904145,198,176
1772276074.1024463,198,176
1772276076.6827009,198,176
1772276079.23938,198,176
1772276081.7386818,198,176
1772276084.2750297,198,176
1772276086.8246129,198,176
1772276089.3984873,198,176
1772276091.978578,198,176
1772276094.5979867,198,176
1772276097.1638246,198,176
1772276099.7075562,198,176
1772276102.2227216,198,176
1772276104.7581427,198,176
1772276107.2629378,198,176
1772276109.8048124,198,176
1772276112.3531883,198,176
1772276114.8995779,198,176
1772276117.4782653,198,176
1772276120.0428133,198,176
1772276122.5988708,198,176
1772276125.0973816,198,176
1772276127.675093,198,176
1772276130.2039988,198,176
1772276132.788728,198,176
1772276135.3240054,198,176
1772276138.8376472,198,176
1772276141.3493211,198,176
1772276143.9563298,198,176
1772276146.5064232,198,176
1772276149.0790658,198,176
1772276151.6046166,198,176
1772276154.1127765,198,176
1772276156.95054,198,176
1772276159.5791728,198,176
1772276162.1211188,198,176
1772276164.6785414,198,176
1772276167.221756,198,176
1772276169.782218,198,176
1772276172.2847466,198,176
1772276174.9005067,198,176
1772276177.483408,198,176
1772276180.038091,198,176
1772276182.559608,47,37
1772276185.0745263,47,37
1772276187.6205847,47,37
1772276190.1376653,47,37
1772276192.674759,47,37
1772276195.2344065,47,37
1772276197.9751186,47,37
1772276200.508071,47,37
1772276203.0772674,47,37
1772276205.583176,47,37
1772276208.1031613,47,37
1772276210.6588516,47,37
1772276213.2140055,47,37
1772276215.7898424,47,37
1772276218.3753328,47,37
1772276220.948205,47,37
1772276223.4579852,47,37
1772276225.9795644,47,37
1772276228.5151756,47,37
1772276231.0807128,47,37
1772276233.6281776,47,37
1772276236.2715275,47,37
1772276238.821044,47,37
1772276241.4043784,47,37
1772276243.982541,47,37
1772276246.5085692,47,37
1772276249.0213385,47,37
1772276251.5309572,47,37
1772276254.4974594,47,37
1772276256.9893472,47,37
1772276259.4866729,47,37
1772276262.077341,47,37
1772276264.6489859,47,37
1772276267.2273343,47,37
1772276269.7950954,47,37
1772276272.3651056,47,37
1772276274.9074934,47,37
1772276277.4226816,47,37
1772276279.9719374,47,37
1772276282.5949159,47,37
1772276285.158623,47,37
1772276287.7254438,47,37
1772276290.2668102,47,37
1772276292.8347964,47,37
1772276295.3587275,47,37
1772276297.8857956,411,391
1772276300.4224384,411,391
1772276303.0057092,411,391
1772276305.56585,411,391
1772276308.1848984,411,391
1772276310.687301,411,391
1772276313.2448854,411,391
