timestamp,flex1,flex2,posture
1772274801.5139377,816,832,normal
1772274803.9513316,816,832,normal
1772274806.51465,816,832,normal
1772274809.0809557,1856,1771,normal
1772274811.4691792,1856,1771,normal
1772274813.8740075,1856,1771,normal
1772274816.2755802,1856,1771,normal
1772274818.7261207,1856,1771,normal
1772274821.2485392,1856,1771,normal
1772274823.795888,1856,1771,normal
1772274826.2456279,1669,1741,normal
1772274828.7575738,1669,1741,normal
1772274831.3163211,1669,1741,normal
1772274833.8773735,1669,1741,normal
1772274836.2744172,1669,1741,normal
1772274838.7091322,80,17,normal
1772274841.1068475,80,17,normal
1772274843.5672567,80,17,normal
1772274846.2009628,34,45,normal
1772274848.6309037,34,45,normal
1772274851.6424372,34,45,normal
1772274854.1898656,34,45,normal
1772274856.7040067,687,662,normal
1772274859.1194408,687,662,normal
1772274861.5237224,687,662,normal
1772274863.9502711,687,662,normal
1772274866.5163846,687,662,normal
1772274869.0761628,3261,3483,forward bend
1772274871.634888,3261,3483,forward bend
1772274874.195409,3261,3483,forward bend
1772274876.5970592,3261,3483,forward bend
1772274879.1640885,3261,3483,forward bend
1772274881.5995524,3261,3483,forward bend
1772274884.127146,3261,3483,forward bend
1772274886.7041886,3261,3483,forward bend
1772274889.2363029,3261,3483,forward bend
1772274891.8036048,3261,3483,forward bend
1772274894.2363408,3261,3483,forward bend
1772274896.7620573,3261,3483,forward bend
1772274899.317054,3261,3483,forward bend
1772274901.7577205,343,305,normal
1772274904.2760935,343,305,normal
1772274906.7151508,343,305,normal
1772274910.8367944,343,305,normal
1772274913.3547847,343,305,normal
1772274915.8021605,854,819,normal
1772274918.2417278,854,819,normal
1772274920.686252,1219,1200,normal
1772274923.1128502,1219,1200,normal
1772274925.5502784,1219,1200,normal
1772274928.1160548,1219,1200,normal
1772274930.675467,1219,1200,normal
1772274933.2365742,1219,1200,normal
1772274935.8095925,1219,1200,normal
1772274938.3566985,1219,1200,normal
1772274940.9156692,1452,1391,normal
1772274943.476644,1452,1391,normal
1772274946.037988,1452,1391,normal
1772274948.5964432,1452,1391,normal
1772274951.027168,1452,1391,normal
1772274953.5621738,716,713,normal
1772274956.1184218,716,713,normal
1772274958.6765506,1211,1217,normal
1772274961.23664,1211,1217,normal
1772274963.7966557,1211,1217,normal
1772274966.3620875,1211,1217,normal
1772274969.9254577,1211,1217,normal
1772274972.4365225,883,879,normal
1772274975.0025342,883,879,normal
1772274977.5586095,883,879,normal
1772274980.1163247,883,879,normal
1772274982.67647,64,70,normal
1772274985.2069993,64,70,normal
1772274987.615423,64,70,normal
1772274990.0175633,1778,1742,normal
1772274992.5973141,1778,1742,normal
1772274995.166513,1778,1742,normal
1772274997.7183056,1778,1742,normal
1772275000.148233,1778,1742,normal
1772275002.6776645,3606,3210,forward bend
1772275005.2475328,3606,3210,forward bend
1772275007.7969115,3606,3210,forward bend
1772275010.3508415,3606,3210,forward bend
1772275012.91075,3606,3210,forward bend
1772275015.482342,3606,3210,forward bend
1772275018.0372825,3606,3210,forward bend
1772275020.596472,3606,3210,forward bend
1772275023.1621718,3606,3210,forward bend
1772275025.7276156,3606,3210,forward bend
1772275028.3225844,3606,3210,forward bend
1772275030.8307936,3606,3210,forward bend
1772275033.4031334,3606,3210,forward bend
1772275035.9511433,3606,3210,forward bend
1772275038.5165155,3606,3210,forward bend
1772275041.0807815,3606,3210,forward bend
1772275043.65788,3606,3210,forward bend
1772275046.1968508,3606,3210,forward bend
1772275048.728744,3606,3210,forward bend
1772275051.3104923,3606,3210,forward bend
1772275053.8841836,3606,3210,forward bend
1772275056.4295368,3606,3210,forward bend
1772275058.991688,3606,3210,forward bend
1772275061.4070475,1615,1567,normal
1772275063.9639318,1615,1567,normal
1772275066.418072,1065,1076,normal
1772275068.9169862,1065,1076,normal
1772275071.477677,1065,1076,normal
1772275074.0363474,1065,1076,normal
1772275076.4852488,1065,1076,normal
1772275078.997186,1065,1076,normal
1772275081.563094,452,542,normal
1772275084.0968184,452,542,normal
1772275086.6521754,452,542,normal
1772275089.2103834,452,542,normal
1772275091.691853,452,542,normal
1772275094.1678011,452,542,normal
1772275096.641038,452,542,normal
1772275099.051097,452,542,normal
1772275101.537282,452,542,normal
1772275103.9518845,452,542,normal
1772275106.4898977,452,542,normal
1772275109.057132,452,542,normal
1772275111.527721,452,542,normal
1772275114.0055847,122,128,normal
1772275116.5024793,122,128,normal
1772275118.9748292,122,128,normal
1772275121.5262134,122,128,normal
1772275123.9464154,122,128,normal
1772275126.417402,122,128,normal
1772275128.8820748,122,128,normal
1772275131.3779938,230,186,normal
1772275133.7732835,230,186,normal
1772275136.1943915,1392,1364,normal
1772275138.6783829,1392,1364,normal
1772275141.2096426,1392,1364,normal
1772275143.6358469,176,145,normal
1772275146.2034633,176,145,normal
1772275148.644879,176,145,normal
1772275151.1373415,176,145,normal
1772275153.7159393,176,145,normal
1772275156.1832137,74,87,normal
1772275158.6856503,74,87,normal
1772275161.0916297,74,87,normal
1772275163.637853,74,87,normal
1772275166.101426,74,87,normal
1772275168.596405,74,87,normal
1772275171.1652968,74,87,normal
1772275173.576741,74,87,normal
1772275176.0134406,491,444,normal
1772275178.4215624,491,444,normal
1772275180.8484416,491,444,normal
1772275183.31837,491,444,normal
1772275185.7762506,491,444,normal
1772275188.2625654,491,444,normal
1772275190.6523209,491,444,normal
1772275193.209567,987,978,normal
1772275195.7040932,987,978,normal
1772275198.2108848,987,978,normal
1772275200.6591573,987,978,normal
1772275203.1428795,987,978,normal
1772275205.6061795,1287,1294,normal
1772275208.0198805,1287,1294,normal
1772275210.4092019,1287,1294,normal
1772275212.9141054,1287,1294,normal
1772275215.3303196,1287,1294,normal
1772275217.7678778,1287,1294,normal
1772275220.2454395,1287,1294,normal
1772275222.629353,1287,1294,normal
1772275225.0833588,882,864,normal
1772275227.6373615,882,864,normal
1772275230.684006,882,864,normal
1772275233.1310701,882,864,normal
1772275235.5445545,658,650,normal
1772275238.0453184,658,650,normal
1772275240.5213408,658,650,normal
1772275242.9875593,313,301,normal
1772275245.560987,313,301,normal
1772275247.9817357,313,301,normal
1772275250.5066772,313,301,normal
1772275252.955436,313,301,normal
1772275255.3893466,313,301,normal
1772275257.8884978,313,301,normal
1772275260.3579502,1442,1393,normal
1772275264.456806,1442,1393,normal
1772275266.916619,1442,1393,normal
1772275269.4084299,1442,1393,normal
1772275271.852142,75,78,normal
1772275274.357734,75,78,normal
1772275276.9101856,75,78,normal
1772275279.3791795,1165,1114,normal
1772275281.900689,1165,1114,normal
1772275284.4368987,701,657,normal
1772275286.8514786,701,657,normal
1772275289.2918458,429,393,normal
1772275291.7267826,429,393,normal
1772275294.1999922,1216,1161,normal
1772275296.6693885,1216,1161,normal
1772275299.1588519,1216,1161,normal
1772275301.6300633,1216,1161,normal
1772275304.1215281,1216,1161,normal
1772275306.5932832,496,501,normal
1772275309.072886,496,501,normal
1772275311.5079536,496,501,normal
1772275313.9664304,1250,1207,normal
1772275316.4448273,1250,1207,normal
1772275320.9882543,1250,1207,normal
1772275323.4980724,1250,1207,normal
1772275325.9496856,792,784,normal
1772275328.4382105,792,784,normal
1772275331.7719314,792,784,normal
1772275334.2992592,792,784,normal
1772275336.7777743,792,784,normal
1772275339.2252104,792,784,normal
1772275341.7352931,792,784,normal
1772275344.2010791,792,784,normal
1772275347.2019482,792,784,normal
1772275349.7172992,792,784,normal
1772275352.189367,792,784,normal
1772275354.6848032,792,784,normal
1772275357.1426015,792,784,normal
1772275359.6463518,792,784,normal
1772275363.8088706,792,784,normal
1772275366.2850845,792,784,normal
1772275368.7723377,792,784,normal
1772275371.248717,792,784,normal
1772275373.7288594,129,112,normal
1772275376.2241027,1046,1011,normal
1772275378.7030363,1046,1011,normal
1772275381.122574,0,0,normal
1772275383.6395285,0,0,normal
1772275386.1123304,0,0,normal
1772275388.609639,0,0,normal
1772275391.0919023,528,491,normal
1772275393.5727932,528,491,normal
1772275396.0543578,976,1006,normal
1772275398.6220913,976,1006,normal
1772275401.0964909,0,0,normal
1772275403.654116,0,0,normal
1772275406.1645248,0,0,normal
1772275408.7104611,0,0,normal
1772275411.192121,0,0,normal
1772275413.742347,0,0,normal
1772275416.2127395,0,0,normal
1772275418.9981873,0,0,normal
1772275421.4639518,193,177,normal
1772275424.0026155,193,177,normal
1772275426.4568703,925,931,normal
1772275428.9655185,925,931,normal
1772275431.4224138,207,208,normal
1772275433.902622,207,208,normal
1772275436.3905754,0,0,normal
1772275438.8687687,0,0,normal
1772275441.3470294,263,286,normal
1772275443.8234484,263,286,normal
1772275446.2999446,835,850,normal
1772275448.775292,835,850,normal
1772275451.2822304,541,511,normal
1772275453.8223913,541,511,normal
1772275456.307685,0,0,normal
1772275458.7861712,0,0,normal
1772275461.2315888,0,0,normal
1772275463.7020357,0,0,normal
1772275466.2222707,0,0,normal
1772275468.703714,0,0,normal
1772275471.197167,0,0,normal
1772275473.7585137,0,0,normal
1772275476.2181334,553,523,normal
1772275478.6922545,553,523,normal
1772275481.181826,0,0,normal
1772275483.6823533,0,0,normal
1772275486.1602056,0,0,normal
1772275488.6394272,0,0,normal
1772275491.1630993,0,0,normal
1772275493.7664058,0,0,normal
1772275496.318181,0,0,normal
1772275498.8827555,0,0,normal
1772275501.373537,334,327,normal
1772275503.912394,334,327,normal
1772275506.402356,0,0,normal
1772275508.8553326,0,0,normal
1772275511.3858538,0,0,normal
1772275513.9236753,0,0,normal
1772275516.396963,0,0,normal
1772275518.9024084,0,0,normal
1772275521.428435,0,0,normal
1772275523.914323,0,0,normal
1772275526.4036026,0,0,normal
1772275528.8766582,0,0,normal
1772275531.383039,0,0,normal
1772275533.9152951,0,0,normal
1772275536.4126127,0,0,normal
1772275538.8871076,0,0,normal
1772275541.5425708,0,0,normal
1772275544.0435905,0,0,normal
1772275546.6190102,0,0,normal
1772275549.2274935,0,0,normal
1772275551.781641,0,0,normal
1772275554.3950112,0,0,normal
1772275556.9020526,0,0,normal
1772275559.477772,0,0,normal
1772275561.9912162,0,0,normal
1772275564.5114589,0,0,normal
1772275567.069394,0,0,normal
1772275569.6196184,0,0,normal
1772275572.1805847,0,0,normal
1772275574.7396066,0,0,normal
1772275577.3102388,0,0,normal
1772275579.8632028,0,0,normal
1772275582.4329405,0,0,normal
1772275584.9573295,0,0,normal
1772275587.5355103,0,0,normal
1772275590.0150044,0,0,normal
1772275594.1734014,0,0,normal
1772275596.7413616,0,0,normal
1772275599.2945952,0,0,normal
1772275601.7828069,0,0,normal
1772275604.346549,0,0,normal
1772275606.9037666,0,0,normal
1772275609.4962313,0,0,normal
1772275612.0232844,0,0,normal
1772275614.4971418,0,0,normal
1772275617.0592525,0,0,normal
1772275619.5663424,0,0,normal
1772275622.1153286,0,0,normal
1772275624.8942568,0,0,normal
1772275627.3731148,0,0,normal
1772275629.9459581,0,0,normal
1772275632.493943,0,0,normal
1772275635.0718005,0,0,normal
1772275637.631002,0,0,normal
1772275640.1382523,0,0,normal
1772275642.679661,0,0,normal
1772275645.1749315,0,0,normal
1772275647.7088578,0,0,normal
1772275650.206191,0,0,normal
1772275652.7661467,0,0,normal
1772275655.3255768,0,0,normal
1772275658.0565274,0,0,normal
1772275660.575004,0,0,normal
1772275663.2448156,0,0,normal
1772275665.7957237,0,0,normal
1772275668.354566,0,0,normal
1772275670.8942862,0,0,normal
1772275673.4890418,0,0,normal
1772275676.157902,0,0,normal
1772275678.7545145,0,0,normal
1772275681.3143637,0,0,normal
1772275683.8885148,0,0,normal
1772275686.4360585,0,0,normal
1772275689.0043247,0,0,normal
1772275691.507803,0,0,normal
1772275694.0038872,0,0,normal
1772275696.5272617,0,0,normal
1772275699.0273345,0,0,normal
1772275701.575955,0,0,normal
1772275704.099161,0,0,normal
1772275706.7804003,0,0,normal
1772275709.3714664,0,0,normal
1772275713.482251,0,0,normal
1772275716.0500476,0,0,normal
1772275718.6108649,0,0,normal
1772275721.16336,0,0,normal
1772275723.7250967,0,0,normal
1772275726.2884386,0,0,normal
1772275728.8322809,0,0,normal
1772275731.418594,0,0,normal
1772275733.9719322,0,0,normal
1772275736.5287085,0,0,normal
1772275739.0735385,0,0,normal
1772275741.575753,0,0,normal
1772275744.1945653,0,0,normal
1772275746.7531545,0,0,normal
1772275749.3147335,0,0,normal
1772275751.8254921,0,0,normal
1772275754.367659,0,0,normal
1772275756.8887372,0,0,normal
1772275759.4879732,0,0,normal
1772275762.0479455,0,0,normal
1772275764.6812928,0,0,normal
1772275767.2141175,0,0,normal
1772275771.427906,0,0,normal
1772275773.916362,0,0,normal
1772275776.417762,0,0,normal
1772275778.9211009,0,0,normal
1772275781.480675,0,0,normal
1772275784.0429957,0,0,normal
1772275786.5924244,0,0,normal
1772275789.1659305,0,0,normal
1772275791.7071784,0,0,normal
1772275794.2816606,0,0,normal
1772275796.8349297,0,0,normal
1772275799.3703964,0,0,normal
1772275801.8876069,0,0,normal
1772275804.4625645,0,0,normal
1772275807.0687892,0,0,normal
1772275809.6339762,0,0,normal
1772275812.2098799,40,31,normal
1772275814.7447853,40,31,normal
1772275817.2428455,278,283,normal
1772275819.8798578,278,283,normal
1772275823.3143036,278,283,normal
1772275825.8895736,278,283,normal
1772275828.4499435,80,79,normal
1772275831.0070896,80,79,normal
1772275833.6444998,80,79,normal
1772275836.2117114,80,79,normal
1772275838.7796288,80,79,normal
1772275841.3086424,80,79,normal
1772275843.8699698,80,79,normal
1772275846.4420693,80,79,normal
1772275849.0086255,80,79,normal
1772275851.529501,48,43,normal
1772275854.1253424,48,43,normal
1772275856.6937406,302,304,normal
1772275859.2483714,302,304,normal
1772275861.806482,219,214,normal
1772275864.3744168,219,214,normal
1772275866.9348252,49,55,normal
1772275869.473138,49,55,normal
1772275872.0551598,49,55,normal
1772275874.5563302,49,55,normal
1772275877.0855541,49,55,normal
1772275879.6414783,49,55,normal
1772275882.1668482,49,55,normal
1772275884.6711566,49,55,normal
1772275887.1952877,49,55,normal
1772275889.7149353,49,55,normal
1772275892.3672862,49,55,normal
1772275894.885237,49,55,normal
1772275897.4006898,49,55,normal
1772275899.950619,49,55,normal
1772275902.5173116,49,55,normal
1772275905.157447,49,55,normal
1772275907.7091663,49,55,normal
1772275910.2726698,49,55,normal
1772275912.844855,49,55,normal
1772275915.3994353,49,55,normal
1772275917.9147904,49,55,normal
1772275920.4661577,49,55,normal
1772275923.0002117,49,55,normal
1772275925.5716224,49,55,normal
1772275928.1989875,49,55,normal
1772275930.757203,49,55,normal
1772275933.317993,49,55,normal
1772275935.8802125,49,55,normal
1772275938.3959231,49,55,normal
1772275940.9053226,49,55,normal
1772275943.5691507,49,55,normal
1772275946.059549,49,55,normal
1772275948.5905113,49,55,normal
1772275951.1380806,49,55,normal
1772275953.7005212,49,55,normal
1772275956.2145054,49,55,normal
1772275958.7248309,49,55,normal
1772275961.308241,49,55,normal
1772275963.8749511,49,55,normal
1772275966.4295204,49,55,normal
1772275968.9888465,49,55,normal
1772275971.4856913,49,55,normal
1772275973.9954195,49,55,normal
1772275976.5120015,49,55,normal
1772275979.0684173,49,55,normal
1772275981.5732577,49,55,normal
1772275984.115283,49,55,normal
1772275986.6679714,49,55,normal
1772275989.3098183,49,55,normal
1772275991.8162882,49,55,normal
1772275994.4672554,49,55,normal
1772275996.9795349,49,55,normal
1772275999.5638864,49,55,normal
1772276002.0757878,49,55,normal
1772276004.6734605,49,55,normal
1772276007.2306454,49,55,normal
1772276009.7939584,49,55,normal
1772276012.3219497,49,55,normal
1772276014.818964,49,55,normal
1772276017.3794641,49,55,normal
1772276019.9631264,49,55,normal
1772276022.578315,49,55,normal
1772276025.7893493,49,55,normal
1772276028.363472,49,55,normal
1772276030.8563225,49,55,normal
1772276033.3989763,49,55,normal
1772276035.950806,49,55,normal
1772276038.5888402,49,55,normal
1772276041.0943532,49,55,normal
1772276043.714646,49,55,normal
1772276046.2665992,49,55,normal
1772276048.8359575,49,55,normal
1772276051.3929925,278,310,normal
1772276053.8797925,278,310,normal
1772276056.4387465,278,310,normal
1772276058.9883971,278,310,normal
1772276061.496002,278,310,normal
1772276064.060232,278,310,normal
1772276066.589082,198,176,normal
1772276069.0926259,198,176,normal
1772276071.5904145,198,176,normal
1772276074.1024463,198,176,normal
1772276076.6827009,198,176,normal
1772276079.23938,198,176,normal
1772276081.7386818,198,176,normal
1772276084.2750297,198,176,normal
1772276086.8246129,198,176,normal
1772276089.3984873,198,176,normal
1772276091.978578,198,176,normal
1772276094.5979867,198,176,normal
1772276097.1638246,198,176,normal
1772276099.7075562,198,176,normal
1772276102.2227216,198,176,normal
1772276104.7581427,198,176,normal
1772276107.2629378,198,176,normal
1772276109.8048124,198,176,normal
1772276112.3531883,198,176,normal
1772276114.8995779,198,176,normal
1772276117.4782653,198,176,normal
1772276120.0428133,198,176,normal
1772276122.5988708,198,176,normal
1772276125.0973816,198,176,normal
1772276127.675093,198,176,normal
1772276130.2039988,198,176,normal
1772276132.788728,198,176,normal
1772276135.3240054,198,176,normal
1772276138.8376472,198,176,normal
1772276141.3493211,198,176,normal
1772276143.9563298,198,176,normal
1772276146.5064232,198,176,normal
1772276149.0790658,198,176,normal
1772276151.6046166,198,176,normal
1772276154.1127765,198,176,normal
1772276156.95054,198,176,normal
1772276159.5791728,198,176,normal
1772276162.1211188,198,176,normal
1772276164.6785414,198,176,normal
1772276167.221756,198,176,normal
1772276169.782218,198,176,normal
1772276172.2847466,198,176,normal
1772276174.9005067,198,176,normal
1772276177.483408,198,176,normal
1772276180.038091,198,176,normal
1772276182.559608,47,37,normal
1772276185.0745263,47,37,normal
1772276187.6205847,47,37,normal
1772276190.1376653,47,37,normal
1772276192.674759,47,37,normal
1772276195.2344065,47,37,normal
1772276197.9751186,47,37,normal
1772276200.508071,47,37,normal
1772276203.0772674,47,37,normal
1772276205.583176,47,37,normal
1772276208.1031613,47,37,normal
1772276210.6588516,47,37,normal
1772276213.2140055,47,37,normal
1772276215.7898424,47,37,normal
1772276218.3753328,47,37,normal
1772276220.948205,47,37,normal
1772276223.4579852,47,37,normal
1772276225.9795644,47,37,normal
1772276228.5151756,47,37,normal
1772276231.0807128,47,37,normal
1772276233.6281776,47,37,normal
1772276236.2715275,47,37,normal
1772276238.821044,47,37,normal
1772276241.4043784,47,37,normal
1772276243.982541,47,37,normal
1772276246.5085692,47,37,normal
1772276249.0213385,47,37,normal
1772276251.5309572,47,37,normal
1772276254.4974594,47,37,normal
1772276256.9893472,47,37,normal
1772276259.4866729,47,37,normal
1772276262.077341,47,37,normal
1772276264.6489859,47,37,normal
1772276267.2273343,47,37,normal
1772276269.7950954,47,37,normal
1772276272.3651056,47,37,normal
1772276274.9074934,47,37,normal
1772276277.4226816,47,37,normal
1772276279.9719374,47,37,normal
1772276282.5949159,47,37,normal
1772276285.158623,47,37,normal
1772276287.7254438,47,37,normal
1772276290.2668102,47,37,normal
1772276292.8347964,47,37,normal
1772276295.3587275,47,37,normal
1772276297.8857956,411,391,normal
1772276300.4224384,411,391,normal
1772276303.0057092,411,391,normal
1772276305.56585,411,391,normal
1772276308.1848984,411,391,normal
1772276310.687301,411,391,normal
1772276313.2448854,411,391,normal
1773046742.3680866,0,0,normal
1773046744.8105814,0,0,normal
1773046747.213666,0,0,normal
1773046749.748034,0,0,normal
1773046752.180074,0,0,normal
1773046754.5893304,0,0,normal
1773046756.995576,0,0,normal
1773046759.456346,0,0,normal
1773046763.0302117,0,0,normal
1773046765.443456,0,0,normal
1773046767.8815243,0,0,normal
1773046770.303515,0,0,normal
1773046772.758176,0,0,normal
1773046775.1570668,0,0,normal
1773046777.575061,0,0,normal
1773046780.029883,0,0,normal
1773046782.447816,0,0,normal
1773046784.8639324,0,0,normal
1773046787.306688,0,0,normal
1773046789.759322,0,0,normal
1773046792.2181675,0,0,normal
1773046794.6716077,0,0,normal
1773046797.2367284,0,0,normal
1773046799.6989944,0,0,normal
1773046802.2790818,0,0,normal
1773046804.7097585,0,0,normal
1773046807.9350286,0,0,normal
1773046810.3438463,0,0,normal
1773046812.7582939,0,0,normal
1773046815.172622,0,0,normal
1773046817.585404,0,0,normal
1773046820.0426412,0,0,normal
1773046822.5256228,0,0,normal
1773046824.9870172,0,0,normal
1773046827.386908,0,0,normal
1773046829.7934494,0,0,normal
1773046832.2299953,0,0,normal
1773046834.711774,0,0,normal
1773046837.3751667,0,0,normal
1773046839.8116171,0,0,normal
1773046842.2470374,0,0,normal
1773046844.6714911,0,0,normal
1773046847.1022108,0,0,normal
1773046849.5611176,0,0,normal
1773046852.0235577,0,0,normal
1773046854.4436235,0,0,normal
1773046856.891129,0,0,normal
1773046859.2960536,0,0,normal
1773046861.7007816,0,0,normal
1773046864.1159062,0,0,normal
1773046866.5369642,0,0,normal
1773046868.9560676,0,0,normal
1773046871.3701665,0,0,normal
1773046873.8419397,0,0,normal
1773046876.2706566,0,0,normal
1773046878.6830373,0,0,normal
1773046881.094467,0,0,normal
1773046884.4454858,0,0,normal
1773046886.8533456,0,0,normal
1773046889.295841,0,0,normal
1773046891.752717,0,0,normal
1773046894.2049592,0,0,normal
1773046896.6429806,0,0,normal
1773046899.1261468,0,0,normal
1773046901.5795367,0,0,normal
1773046903.998735,0,0,normal
1773046906.4195373,0,0,normal
1773046908.8453622,0,0,normal
1773046911.2454724,0,0,normal
1773046913.6562061,0,0,normal
1773046916.0538793,0,0,normal
1773046918.4744189,0,0,normal
1773046920.9273994,0,0,normal
1773046923.3914971,0,0,normal
1773046925.844893,0,0,normal
1773046928.2695158,0,0,normal
1773046930.7576978,0,0,normal
1773046933.184904,0,0,normal
1773046935.613388,0,0,normal
1773046938.0320787,0,0,normal
1773046940.485422,0,0,normal
1773046942.893057,0,0,normal
1773046945.316355,0,0,normal
1773046947.761303,0,0,normal
1773046950.1816118,0,0,normal
1773046952.5890453,0,0,normal
1773046955.0020561,0,0,normal
1773046957.3968403,0,0,normal
1773046959.799707,0,0,normal
1773046962.214696,0,0,normal
1773046964.6378484,0,0,normal
1773046967.1104767,0,0,normal
1773046969.5681355,0,0,normal
1773046972.0292041,0,0,normal
1773046974.488512,0,0,normal
1773046976.945741,0,0,normal
1773046979.5061195,0,0,normal
1773046981.9832823,0,0,normal
1773046984.3861222,0,0,normal
1773046986.7877295,0,0,normal
1773046989.3158324,0,0,normal
1773046991.7382815,0,0,normal
1773046994.156905,0,0,normal
1773046996.598254,0,0,normal
1773046999.0007093,0,0,normal
1773047001.615868,0,0,normal
1773047004.0240364,0,0,normal
1773047006.4457433,0,0,normal
1773047008.848195,0,0,normal
1773047011.2516677,0,0,normal
1773047013.6670604,0,0,normal
1773047016.0686593,0,0,normal
1773047018.5183597,0,0,normal
1773047020.9703846,0,0,normal
1773047023.3913202,0,0,normal
1773047025.8002157,0,0,normal
1773047028.2427723,0,0,normal
1773047030.661519,0,0,normal
1773047033.1579316,0,0,normal
1773047035.6161509,0,0,normal
1773047038.2360451,0,0,normal
1773047040.7362933,0,0,normal
1773047043.6019554,0,0,normal
1773047046.0666654,0,0,normal
1773047048.5211005,0,0,normal
1773047050.9665346,0,0,normal
1773047053.423193,0,0,normal
1773047055.8380268,0,0,normal
1773047058.3570974,0,0,normal
1773047060.7725887,0,0,normal
1773047063.2228508,0,0,normal
1773047066.3350284,0,0,normal
1773047068.7588055,0,0,normal
1773047071.1731844,0,0,normal
1773047073.598239,0,0,normal
1773047076.131903,0,0,normal
1773047078.5422451,0,0,normal
1773047080.9767556,0,0,normal
1773047083.4073725,0,0,normal
1773047085.8155124,0,0,normal
1773047088.2597175,0,0,normal
1773047090.6716099,0,0,normal
1773047093.0870135,0,0,normal
1773047095.690405,0,0,normal
1773047098.1052628,0,0,normal
1773047100.5149567,0,0,normal
1773047102.9976256,0,0,normal
1773047105.4530067,0,0,normal
1773047107.864913,0,0,normal
1773047110.2693024,0,0,normal
1773047112.7163398,0,0,normal
1773047115.1747963,0,0,normal
1773047117.613875,0,0,normal
1773047121.6929488,0,0,normal
1773047124.1059048,0,0,normal
1773047126.5400293,0,0,normal
1773047128.993693,0,0,normal
1773047131.4546413,0,0,normal
1773047133.8626122,0,0,normal
1773047136.6836746,0,0,normal
1773047139.2362468,0,0,normal
1773047141.6389601,0,0,normal
1773047144.0502768,0,0,normal
1773047146.508423,0,0,normal
1773047148.9616587,0,0,normal
1773047151.3610294,0,0,normal
1773047153.7769294,0,0,normal
1773047156.1960256,0,0,normal
1773047158.6019597,0,0,normal
1773047161.0480406,0,0,normal
1773047163.4598382,0,0,normal
1773047165.8721879,0,0,normal
1773047168.3176136,0,0,normal
1773047170.7433498,0,0,normal
1773047173.1486952,0,0,normal
1773047175.5658982,0,0,normal
1773047177.9772263,0,0,normal
1773047180.4035945,0,0,normal
1773047182.8193424,0,0,normal
1773047185.2410522,0,0,normal
1773047187.670522,0,0,normal
1773047190.0752738,0,0,normal
1773047192.493098,0,0,normal
1773047194.9125035,0,0,normal
1773047197.3320065,0,0,normal
1773047199.7535625,0,0,normal
1773047202.178903,0,0,normal
1773047204.5737894,0,0,normal
1773047207.027384,0,0,normal
1773047209.4294848,0,0,normal
1773047211.8472881,0,0,normal
1773047214.3166485,0,0,normal
1773047216.7510896,0,0,normal
1773047219.2174473,0,0,normal
1773047221.6115046,0,0,normal
1773047224.0211961,0,0,normal
1773047226.4813159,0,0,normal
1773047228.8969462,0,0,normal
1773047231.3024259,0,0,normal
1773047233.6984808,0,0,normal
1773047236.1034176,0,0,normal
1773047238.5646183,0,0,normal
1773047240.9730206,0,0,normal
1773047243.3681216,0,0,normal
1773047245.7825549,0,0,normal
1773047248.18678,0,0,normal
1773047251.451315,0,0,normal
1773047253.8654308,0,0,normal
1773047256.2752337,0,0,normal
1773047258.6703818,0,0,normal
1773047261.0870903,0,0,normal
1773047263.5528457,0,0,normal
1773047265.9610634,0,0,normal
1773047268.3835611,0,0,normal
1773047270.7760599,0,0,normal
1773047273.18114,0,0,normal
1773047275.6319306,0,0,normal
1773047278.0865753,0,0,normal
1773047280.6456742,0,0,normal
1773047283.1037676,0,0,normal
1773047285.5645645,0,0,normal
1773047288.1245267,0,0,normal
1773047290.5904682,0,0,normal
1773047293.0374086,0,0,normal
1773047295.4900396,0,0,normal
1773047297.9499927,0,0,normal
1773047300.363354,0,0,normal
1773047302.7748945,0,0,normal
1773047305.172183,0,0,normal
1773047307.6769075,0,0,normal
1773047310.1028466,0,0,normal
1773047312.6138082,0,0,normal
1773047315.2438016,0,0,normal
1773047317.7255518,0,0,normal
1773047726.0547402,0,0,normal
1773047728.4620287,0,0,normal
1773048042.722949,0,0,normal
1773048045.8375695,0,0,normal
1773048048.8519013,0,0,normal
1773048051.8383365,0,0,normal
1773048054.8588655,0,0,normal
1773048057.8846323,0,0,normal
1773048060.851949,0,0,normal
1773048063.9729226,0,0,normal
1773048067.046113,0,0,normal
1773048070.3563442,0,0,normal
1773048073.4145315,0,0,normal
1773048076.4211392,0,0,normal
1773048080.464363,0,0,normal
1773048084.3708408,0,0,normal
1773048088.0814342,0,0,normal
1773048092.1368644,0,0,normal
1773048096.238043,0,0,normal
1773048100.100149,0,0,normal
1773048103.892921,0,0,normal
1773048107.702923,0,0,normal
1773048111.3399882,0,0,normal
1773048115.284957,0,0,normal
1773048118.8772388,0,0,normal
1773048122.2735603,0,0,normal
1773048125.6947894,0,0,normal
1773048129.7387156,0,0,normal
1773048133.7390418,0,0,normal
1773048137.2439659,0,0,normal
1773048140.8273036,0,0,normal
1773048145.9955401,0,0,normal
1773048150.3946474,0,0,normal
1773048154.2137423,0,0,normal
1773048157.7250857,0,0,normal
1773048161.9645805,0,0,normal
1773048165.4072576,0,0,normal
1773048169.2072902,0,0,normal
1773048173.4700167,0,0,normal
1773048177.1428566,0,0,normal
1773048181.0082986,0,0,normal
1773048184.7095878,0,0,normal
1773048190.6712499,0,0,normal
1773048194.3290865,0,0,normal
1773048198.1281004,0,0,normal
1773048201.9158294,0,0,normal
1773048205.5891676,0,0,normal
1773048209.274096,0,0,normal
1773048212.6944568,0,0,normal
1773048217.0260653,0,0,normal
1773048221.5052164,0,0,normal
1773048225.9705894,0,0,normal
1773048229.7863305,0,0,normal
1773048233.287991,0,0,normal
1773048237.3325496,0,0,normal
1773048241.2219906,0,0,normal
1773048244.966732,0,0,normal
1773048250.5441709,0,0,normal
1773048254.5683277,0,0,normal
1773048258.1906633,0,0,normal
1773048261.9407911,0,0,normal
1773048265.6964428,0,0,normal
1773048269.4315581,0,0,normal
1773048273.289043,0,0,normal
1773048277.115115,0,0,normal
1773048280.8556523,0,0,normal
1773048284.7513,0,0,normal
1773048288.5295856,0,0,normal
1773048292.826818,0,0,normal
1773048297.3585882,0,0,normal
1773048300.8859892,0,0,normal
1773048304.5533962,0,0,normal
1773048308.3242357,0,0,normal
1773048312.781643,0,0,normal
1773048316.3890307,0,0,normal
1773048320.1651075,0,0,normal
1773048324.1193588,0,0,normal
1773048327.9977274,0,0,normal
1773048331.620948,0,0,normal
1773048335.307407,0,0,normal
1773048339.2179337,0,0,normal
1773048343.1046913,0,0,normal
1773048347.308279,0,0,normal
1773048351.2388678,0,0,normal
1773048355.2835152,0,0,normal
1773048358.800483,0,0,normal
1773048363.4111023,0,0,normal
1773048367.1833863,0,0,normal
1773048371.4873636,0,0,normal
1773048376.3678932,0,0,normal
1773048380.1934662,0,0,normal
1773048384.0650344,0,0,normal
1773048388.1284356,0,0,normal
1773048392.152075,0,0,normal
1773048395.9524498,0,0,normal
1773048399.8671923,0,0,normal
1773048403.6353586,0,0,normal
1773048407.724423,0,0,normal
1773048411.4072936,0,0,normal
1773048414.8876328,0,0,normal
1773048418.2687366,0,0,normal
1773048421.753512,0,0,normal
1773048425.1333976,0,0,normal
1773048429.4498007,0,0,normal
1773048433.419116,0,0,normal
1773048437.1094737,0,0,normal
1773048441.3026485,0,0,normal
1773394056.406158,0,0,normal
1773394059.4787443,0,0,normal
1773394062.4677553,0,0,normal
1773394065.5694637,0,0,normal
1773397093.6402082,1259,1218,normal
1773397096.966691,750,743,normal
1773397100.069117,0,0,normal
1773397103.246231,0,0,normal
1773397106.3283737,998,983,normal
1773397109.5310404,998,983,normal
1773397112.6177094,0,0,normal
1773397115.8603263,0,0,normal
1773397119.0388288,551,548,normal
1773397122.1361556,551,548,normal
1773397125.3333015,2071,2015,normal
1773397128.426152,2160,2126,normal
1773397131.5532238,2160,2126,normal
1773397134.6877394,0,0,normal
1773397137.9020154,0,0,normal
1773397141.00586,0,0,normal
1773397144.1964455,0,0,normal
1773397147.4608054,0,0,normal
1773397150.6106453,0,0,normal
1773397153.6905482,0,0,normal
1773397156.7984126,0,0,normal
1773397160.0544727,0,0,normal
1773397163.620355,0,0,normal
1773397166.8465981,0,0,normal
1773397170.1222546,1058,1041,normal
1773397173.4813156,1058,1041,normal
1773397176.8189752,2199,2174,normal
1773397179.9217472,2199,2174,normal
1773397183.1822987,2455,2435,right tilt
1773397186.3309393,2455,2435,right tilt
1773397189.5117788,0,0,normal
1773397192.6403892,0,0,normal
1773397195.7427645,0,0,normal
1773397199.0326784,0,0,normal
1773397202.1187046,1300,1319,normal
1773397205.3213885,1300,1319,normal
1773397208.4573052,0,0,normal
1773397211.5827909,0,0,normal
1773397215.1887667,0,0,normal
1773397218.3418486,0,0,normal
1773397221.7808645,0,0,normal
1773397225.0087872,0,0,normal
1773397228.28253,0,0,normal
1773397231.6926057,0,0,normal
1773397234.9341109,0,0,normal
1773397238.3831296,0,0,normal
1773397241.814629,0,0,normal
1773397245.0027132,0,0,normal
1773397248.361471,0,0,normal
1773397251.6421483,0,0,normal
1773397254.9112635,1671,1673,normal
1773397258.1813095,1671,1673,normal
1773397261.3199456,2185,2186,normal
1773397264.5281286,2185,2186,normal
1773397268.0017595,2185,2186,normal
1773397271.278343,2185,2186,normal
1773397274.5028281,2185,2186,normal
1773397277.7403822,2185,2186,normal
1773397280.898779,2185,2186,normal
1773397284.279883,2185,2186,normal
1773397288.9907954,2185,2186,normal
1773397294.8655035,2185,2186,normal
1773397299.9979646,176,190,normal
1773397305.563358,1695,1659,normal
1773397309.940768,0,0,normal
1773397314.0595787,0,0,normal
1773397317.308946,2112,2081,normal
1773397320.572411,0,0,normal
1773397323.9004338,0,0,normal
1773397327.0944579,1184,1155,normal
1773397330.411057,1184,1155,normal
1773397333.588337,192,203,normal
1773397336.8472233,192,203,normal
1773397339.9902732,0,0,normal
1773397343.2456863,0,0,normal
1773397347.4271116,0,0,normal
1773397350.6951482,0,0,normal
1773397353.9441106,0,0,normal
1773397357.1006174,631,612,normal
1773397360.3221402,631,612,normal
1773397363.509705,623,593,normal
1773397366.7280781,623,593,normal
1773397370.0147555,18,46,normal
1773397373.2558272,1785,1769,normal
1773397376.4317405,1785,1769,normal
1773397379.6019866,0,0,normal
1773397383.1061494,0,0,normal
1773397386.4054692,186,146,normal
1773397389.6601703,186,146,normal
1773397392.8740637,1623,1520,normal
1773397396.3994496,1890,1920,normal
1773397399.5966115,1890,1920,normal
1773397402.8937435,211,177,normal
1773397406.1413631,211,177,normal
1773397409.3039231,577,534,normal
1773397412.6197176,577,534,normal
1773397415.8791382,1124,1088,normal
1773397419.1093135,1124,1088,normal
1773397422.3329854,0,0,normal
1773397425.608892,0,0,normal
1773397428.7725804,0,0,normal
1773397431.969234,0,0,normal
1773397435.2199972,0,0,normal
1773397438.5981865,721,721,normal
1773397441.9193654,721,721,normal
1773397445.1114304,671,726,normal
1773397448.3920333,841,839,normal
1773397451.582657,841,839,normal
1773397454.7908206,587,591,normal
1773397457.9364517,587,591,normal
1773397461.264433,0,0,normal
1773397464.584501,0,0,normal
1773397467.8069797,0,0,normal
1773397471.0089524,0,0,normal
1773397474.2126546,0,0,normal
1773397477.411926,0,0,normal
1773397480.605694,0,0,normal
1773397483.8721042,0,0,normal
1773397487.083397,22,0,normal
1773397490.303872,22,0,normal
1773397493.5077505,244,227,normal
1773397496.6795077,244,227,normal
1773397500.3276355,430,415,normal
1773397503.6568978,448,451,normal
1773397506.8088212,448,451,normal
1773397510.0106218,399,393,normal
1773397513.2665734,399,393,normal
1773397516.4514105,106,68,normal
1773397519.6467965,106,68,normal
1773397523.0412214,174,110,normal
1773397526.262982,177,80,normal
1773397529.4737623,177,80,normal
1773397532.6956065,16,0,normal
1773397536.1475973,16,0,normal
1773397539.3265176,0,0,normal
1773397542.7185695,0,0,normal
1773397545.9593287,1535,1526,normal
1773397549.1691167,34,16,normal
1773397552.4117737,34,16,normal
1773397555.6061509,0,0,normal
1773397559.0321167,0,0,normal
1773397562.2578664,0,0,normal
1773397565.6049373,0,0,normal
1773397568.936742,0,0,normal
1773397572.1307704,0,0,normal
1773397575.2981198,0,0,normal
1773397578.394617,0,0,normal
1773397581.6324017,0,0,normal
1773397584.9523392,0,0,normal
1773397588.2150986,0,0,normal
1773397591.3944116,0,0,normal
1773397599.9626071,0,0,norma
1773397603.2584662,0,0,norma
1773397606.4768977,542,543,norma
1773397609.8495202,502,496,norma
1773397612.9758768,502,496,norma
1773397616.2142296,494,502,norma
1773397619.4555697,494,502,norma
1773397622.699887,0,0,norma
1773397626.2151353,0,0,norma
1773397629.5255454,0,0,norma
1773397632.7296188,0,0,norma
1773397635.983749,108,87,norma
1773397639.1896253,399,373,norma
1773397642.5211854,399,373,norma
1773397645.7088118,0,0,norma
1773397648.951439,0,0,norma
1773397652.294709,0,0,norma
1773397655.5109632,0,0,norma
1773397658.7720332,241,230,norma
1773397669.7359219,305,317,normal
1773397672.9498255,305,317,normal
1773397676.7159793,0,0,normal
1773397681.2059114,48,48,normal
1773397686.9033418,0,0,normal
1773397691.3936498,367,322,normal
1773397696.2415955,367,322,normal
1773397699.5392156,192,176,normal
1773397702.7807083,0,0,normal
1773397706.0661535,0,0,normal
1773397709.2936013,0,0,normal
1773397712.4669228,0,0,normal
1773397715.5879798,0,0,normal
1773397718.7861085,0,0,normal
1773397724.023067,0,0,normal
1773397728.895121,279,228,normal
1773397732.7349422,0,0,normal
1773397736.7131987,448,442,normal
1773397740.9208333,448,442,normal
1773397744.161312,0,0,normal
1773397747.269806,0,0,normal
1773397750.543365,2226,2124,normal
1773397753.7805285,2226,2124,normal
1773397757.0051692,0,0,normal
1773397760.1086621,0,0,normal
1773397763.2664247,0,0,normal
1773397766.4568355,496,464,normal
1773397769.6383872,496,464,normal
1773397772.9747903,496,464,normal
1773397776.1392198,0,0,normal
1773397779.3445618,498,496,normal
1773397782.5692818,498,496,normal
1773397785.6991873,0,0,normal
1773397788.891799,0,0,normal
1773397792.249943,0,0,normal
1773397795.4381752,0,0,normal
1773397798.594627,0,0,normal
1773397801.7469091,0,0,normal
1773397804.9699438,383,388,normal
1773397808.068819,383,388,normal
1773397811.4390075,704,695,normal
1773397814.8628345,0,0,normal
1773397818.0777974,0,0,normal
1773397821.3486595,650,628,normal
1773397824.4753523,650,628,normal
1773397827.603143,534,558,normal
1773397831.0178344,303,273,normal
1773397834.2941122,303,273,normal
1773397837.536278,319,292,normal
1773397840.707821,319,292,normal
1773397843.8125968,0,0,normal
1773397846.976951,0,0,normal
1773397850.1250758,0,0,normal
1773397853.4632604,0,0,normal
1773397856.6813767,0,0,normal
1773397859.8423557,0,0,normal
1773397863.0430462,0,0,normal
1773397866.3015332,125,134,normal
1773397869.6722417,125,134,normal
1773397872.9305797,571,547,normal
1773397876.0514545,571,547,normal
1773397879.2147176,698,686,normal
1773397882.363909,698,686,normal
1773397885.5598285,0,0,normal
1773397888.7191827,0,0,normal
1773397891.8247993,0,0,normal
1773397895.0146117,0,0,normal
1773397898.0979583,0,0,normal
1773397901.3362563,0,0,normal
1773397904.4752617,0,0,normal
1773397907.758192,421,391,normal
1773397911.2196426,421,391,normal
1773397914.335946,0,0,normal
1773397917.6412141,0,0,normal
1773397920.8352008,0,0,normal
1773397924.4596548,0,0,normal
1773398080.9532213,3936,3583,forward bend
1773398084.2564118,590,576,normal
1773398087.4246464,590,576,normal
1773398090.6814916,553,545,normal
1773398094.9609506,553,545,normal
1773398098.7465267,0,0,normal
1773398101.9548984,661,642,normal
1773398105.1448154,661,642,normal
1773398108.3389828,0,0,normal
1773398111.4972436,0,0,normal
1773398114.7507968,668,647,normal
1773398117.8903651,668,647,normal
1773398121.524898,0,0,normal
1773398129.5227916,17,49,normal
1773398138.767838,464,476,normal
1773398141.9238377,704,702,normal
1773398146.5548708,704,702,normal
1773398150.9356678,0,0,normal
1773398156.716427,2555,2117,left tilt
1773398161.7254648,4095,4095,forward bend
1773398165.9413967,4095,4095,forward bend
1773398170.985549,4095,4095,forward bend
1773398176.88173,4095,4095,forward bend
1773398184.8793626,4095,4095,forward bend
1773398188.7197828,4095,4095,forward bend
1773398192.673809,1726,2014,normal
1773398197.3844903,368,400,normal
1773398201.9480548,368,400,normal
1773398206.2567756,432,0,normal
1773398210.9105005,3362,3757,forward bend
1773398214.866046,3362,3757,forward bend
1773398218.5870278,3362,3757,forward bend
1773398222.4627776,3362,3757,forward bend
1773398226.9811287,3362,3757,forward bend
1773398231.1525757,3362,3757,forward bend
1773398234.27078,3362,3757,forward bend
1773398237.5036266,3362,3757,forward bend
1773398240.6649094,3362,3757,forward bend
1773398243.9610405,3362,3757,forward bend
1773398247.1446056,3362,3757,forward bend
1773398250.3039923,3362,3757,forward bend
1773398253.5388496,3362,3757,forward bend
1773398256.803385,3362,3757,forward bend
1773398259.9635048,3362,3757,forward bend
1773398263.05657,3362,3757,forward bend
1773398266.211342,3362,3757,forward bend
1773398269.3480768,3362,3757,forward bend
1773398272.5678227,3362,3757,forward bend
1773398275.7646441,3362,3757,forward bend
1773398278.858467,3362,3757,forward bend
1773398282.006697,3362,3757,forward bend
1773398285.2038686,3362,3757,forward bend
1773398288.4201484,3362,3757,forward bend
1773398291.705358,3362,3757,forward bend
1773398295.0004292,3362,3757,forward bend
1773398298.1754436,3362,3757,forward bend
1773398301.305192,3362,3757,forward bend
1773398304.4653804,3362,3757,forward bend
1773398307.660144,3362,3757,forward bend
1773398310.84031,3362,3757,forward bend
1773398314.0041604,3362,3757,forward bend
1773398317.1315675,3362,3757,forward bend
1773398320.4385478,3362,3757,forward bend
1773398324.0556273,3362,3757,forward bend
1773398327.2643404,3362,3757,forward bend
1773398330.9086425,3362,3757,forward bend
1773398338.1361976,3362,3757,forward bend
1773398342.4818845,3362,3757,forward bend
1773398347.2396646,3362,3757,forward bend
1773398350.9101682,3362,3757,forward bend
1773398355.1066203,3362,3757,forward bend
1773398359.3370006,3362,3757,forward bend
1773398363.8881948,3362,3757,forward bend
1773398367.999683,3362,3757,forward bend
1773398372.0295486,3362,3757,forward bend
1773398376.3643763,3362,3757,forward bend
1773398380.7887204,3362,3757,forward bend
1773398384.7468438,3362,3757,forward bend
1773398389.6684673,3362,3757,forward bend
1773398394.8340971,3362,3757,forward bend
1773398398.4229484,3362,3757,forward bend
1773398402.9836936,3362,3757,forward bend
1773398409.3191347,3362,3757,forward bend
1773398414.600973,3362,3757,forward bend
1773398420.0848339,3362,3757,forward bend
1773398424.527399,3362,3757,forward bend
1773398428.402705,3362,3757,forward bend
1773398432.7422216,3362,3757,forward bend
1773398437.1993442,3362,3757,forward bend
1773398441.336424,3362,3757,forward bend
1773398445.5181196,3362,3757,forward bend
1773398450.4339206,3362,3757,forward bend
1773398454.5548413,3362,3757,forward bend
1773398458.3276794,3362,3757,forward bend
1773398463.52117,3362,3757,forward bend
1773398467.9056056,3362,3757,forward bend
1773398471.7643886,3362,3757,forward bend
1773398475.6515403,3362,3757,forward bend
1773398479.7870824,3362,3757,forward bend
1773398483.5032222,3362,3757,forward bend
1773398488.2531219,3362,3757,forward bend
1773398492.5339875,3362,3757,forward bend
1773398496.3126698,3362,3757,forward bend
1773398500.233322,3362,3757,forward bend
1773398504.055558,3362,3757,forward bend
1773398508.0462165,3362,3757,forward bend
1773398512.0497947,3362,3757,forward bend
1773398515.9246643,3362,3757,forward bend
1773398519.805556,3362,3757,forward bend
1773398523.7367835,3362,3757,forward bend
1773398527.995426,3362,3757,forward bend
1773398531.7589724,3362,3757,forward bend
1773398535.7197948,3362,3757,forward bend
1773398539.5123913,3362,3757,forward bend
1773398543.3868275,3362,3757,forward bend
1773398547.1421928,3362,3757,forward bend
1773398551.0122397,3362,3757,forward bend
1773398555.3293974,3362,3757,forward bend
1773398558.9137092,3362,3757,forward bend
1773398562.6179805,3362,3757,forward bend
1773398566.918237,3362,3757,forward bend
1773398570.926206,3362,3757,forward bend
1773398575.5942628,3362,3757,forward bend
1773398579.9861612,3362,3757,forward bend
1773398584.5023837,3362,3757,forward bend
1773398588.8057218,3362,3757,forward bend
1773398592.7937503,3362,3757,forward bend
1773398597.863166,3362,3757,forward bend
1773398602.2747102,3362,3757,forward bend
1773398607.6976933,3362,3757,forward bend
1773398611.7322333,3362,3757,forward bend
1773398615.5088372,3362,3757,forward bend
1773398619.6836295,3362,3757,forward bend
1773398623.3939567,3362,3757,forward bend
1773398628.1937277,3362,3757,forward bend
1773398632.9672465,3362,3757,forward bend
1773398637.1798105,3362,3757,forward bend
1773398641.6482866,3362,3757,forward bend
1773398645.3793468,3362,3757,forward bend
1773398649.2571552,3362,3757,forward bend
1773398653.0948982,3362,3757,forward bend
1773398659.1135004,3362,3757,forward bend
1773398662.9854057,3362,3757,forward bend
1773398666.815706,3362,3757,forward bend
1773398670.6431153,3362,3757,forward bend
1773398674.994747,3362,3757,forward bend
1773398678.7992232,3362,3757,forward bend
1773398682.5100842,3362,3757,forward bend
1773398686.498131,3362,3757,forward bend
1773398690.8849206,3362,3757,forward bend
1773398695.350209,3362,3757,forward bend
1773398699.4399269,3362,3757,forward bend
1773398703.729519,3362,3757,forward bend
1773398708.0898728,3362,3757,forward bend
1773398711.9447896,1658,2071,normal
1773398715.9499443,0,0,normal
1773398719.808527,0,0,normal
1773398723.711676,0,0,normal
1773398727.892927,4095,4011,forward bend
1773398731.651145,4095,4011,forward bend
1773398735.3299785,0,80,normal
1773398738.980883,762,715,normal
1773398742.1831007,762,715,normal
1773398745.431804,0,48,normal
1773398748.5578868,0,48,normal
1773398751.9070249,0,0,normal
1773398755.0376668,0,0,normal
1773398759.41613,0,0,normal
1773398763.7529862,0,0,normal
1773398768.047151,0,0,normal
1773398771.8282015,0,16,normal
1773398775.9358027,203,208,normal
1773398779.9588885,203,208,normal
1773398784.0871065,467,455,normal
1773398788.2620656,416,402,normal
1773398792.177022,0,0,normal
1773398796.2438293,0,0,normal
1773398800.3554378,0,0,normal
1773398804.0247347,0,0,normal
1773398808.4854825,0,0,normal
1773398812.756369,0,0,normal
1773398816.529233,0,0,normal
1773398820.445899,0,0,normal
1773398824.8045397,0,0,normal
1773398829.079793,0,0,normal
1773398832.859545,0,0,normal
1773398838.1345105,0,0,normal
1773398842.176335,43,39,normal
1773398846.3063967,229,218,normal
1773398850.093467,229,218,normal
1773398854.028674,388,331,normal
1773398858.227571,395,354,normal
1773398861.9232514,395,354,normal
1773398865.7777038,0,0,normal
1773398869.48003,0,0,normal
1773398873.4928737,0,0,normal
1773398877.340408,0,0,normal
1773398881.360309,0,0,normal
1773398885.5129378,0,0,normal
1773398889.5076237,0,0,normal
1773398893.376567,1509,1524,normal
1773398898.6496327,1509,1524,normal
1773398902.4767663,0,0,normal
1773398906.3892438,0,0,normal
1773398910.2465324,0,0,normal
1773398914.3388956,0,0,normal
1773398918.4055448,609,581,normal
1773398923.0007114,437,432,normal
1773398926.9835558,437,432,normal
1773398930.9581225,478,491,normal
1773398935.1119926,0,0,normal
1773398939.1435468,0,0,normal
1773398943.1237824,0,0,normal
1773398947.0956707,466,475,normal
1773398951.1268077,466,475,normal
1773398955.100002,467,464,normal
1773398959.1172838,202,195,normal
1773398962.8943434,202,195,normal
1773398966.9087038,0,0,normal
1773398970.8874874,351,318,normal
1773398974.88932,0,0,normal
1773398978.5982687,0,0,normal
1773398982.35318,0,0,normal
1773398986.067511,0,0,normal
1773398989.9090908,2221,2116,normal
1773398994.1611753,2780,2641,slouch
1773398998.4223588,2780,2641,slouch
1773399002.265339,2780,2641,slouch
1773399006.1343405,2780,2641,slouch
1773399010.0089242,2780,2641,slouch
1773399013.8097541,2780,2641,slouch
1773399018.471217,2780,2641,slouch
1773399022.6314263,2780,2641,slouch
1773399026.4413333,2780,2641,slouch
1773399030.4889102,2780,2641,slouch
1773399034.534656,1887,1723,normal
1773399038.5881884,0,0,normal
1773399042.5613494,0,0,normal
1773399046.4546237,3385,2863,slouch
1773399049.9869394,0,0,normal
1773399053.9264407,0,0,normal
1773399058.0058646,0,0,normal
1773399062.0753338,409,400,normal
1773399066.0261254,409,400,normal
1773399069.9168878,465,464,normal
1773399073.966721,402,410,normal
1773399078.523515,402,410,normal
1773399082.3974836,481,482,normal
1773399086.565653,503,497,normal
1773399090.5589287,463,446,normal
1773399094.5783153,463,446,normal
1773399098.607118,493,464,normal
1773399102.6645217,473,455,normal
1773399106.6272366,473,455,normal
1773399110.6699674,61,46,normal
1773399114.7019427,0,0,normal
1773399118.759181,0,0,normal
1773399122.6729217,0,0,normal
1773399126.620358,78,67,normal
1773399131.1954613,0,0,normal
1773399135.110503,0,0,normal
1773399139.0656886,80,64,normal
1773399143.01127,363,356,normal
1773399147.110037,363,356,normal
1773399151.1630447,22,39,normal
1773399155.5265625,0,0,normal
1773399159.4776046,0,0,normal
1773399163.3846135,0,0,normal
1773399167.5100913,0,0,normal
1773399171.5476892,0,0,normal
1773399175.5305147,0,0,normal
1773399179.4950743,0,0,normal
1773399183.6157184,0,0,normal
1773399187.552357,441,432,normal
1773399191.5246825,441,432,normal
1773399195.6298902,0,0,normal
1773399199.7742236,0,0,normal
1773399203.723026,493,487,normal
1773399207.7381155,493,487,normal
1773399211.7294788,0,0,normal
1773399215.7769587,105,123,normal
1773399219.8475564,105,123,normal
1773399223.7936068,0,0,normal
1773399227.6888964,220,196,normal
1773399231.6885087,220,196,normal
1773399235.8145542,3,0,normal
1773399239.8062694,0,0,normal
1773399243.7997694,0,0,normal
1773399248.0037484,0,0,normal
1773399251.937868,0,0,normal
1773399255.9244444,0,0,normal
1773399260.246175,109,83,normal
1773399264.2151518,257,240,normal
1773399268.6778646,219,214,normal
1773399272.7798178,219,214,normal
1773399276.5960796,0,0,normal
1773399280.565303,0,0,normal
1773399284.497726,0,0,normal
1773399289.7225375,1968,2000,normal
1773399293.3788729,3227,3395,forward bend
1773399297.323649,3227,3395,forward bend
1773399301.3402717,3227,3395,forward bend
1773399305.181377,3227,3395,forward bend
1773399309.0883765,3227,3395,forward bend
1773399313.098147,3227,3395,forward bend
1773399318.5507805,3227,3395,forward bend
1773399322.7152202,3227,3395,forward bend
1773399326.8780391,3633,3493,forward bend
1773399330.902016,3633,3493,forward bend
1773399335.5041244,3633,3493,forward bend
1773399339.3467882,3633,3493,forward bend
1773399343.3736787,3633,3493,forward bend
1773399347.2465544,3633,3493,forward bend
1773399351.4011579,3633,3493,forward bend
1773399355.1301663,3633,3493,forward bend
1773399359.300897,3633,3493,forward bend
1773399363.1867387,3633,3493,forward bend
1773399366.9502478,3633,3493,forward bend
1773399370.7451565,3633,3493,forward bend
1773399374.7374923,3633,3493,forward bend
1773399379.6068287,3633,3493,forward bend
1773399383.5374458,3633,3493,forward bend
1773399387.447945,3633,3493,forward bend
1773399391.5484772,3633,3493,forward bend
1773399395.722589,0,0,normal
1773399399.5913079,0,0,normal
1773399403.4319408,0,0,normal
1773399407.9450982,0,0,normal
1773399411.9381819,56,69,normal
1773399415.845053,102,86,normal
1773399419.8867786,102,86,normal
1773399424.1034005,0,0,normal
1773399427.9388719,0,0,normal
1773399431.88331,0,0,normal
1773399435.7675643,0,0,normal
1773399439.604012,0,0,normal
1773399443.3391209,0,0,normal
1773399447.2618177,0,0,normal
1773399451.2979426,0,0,normal
1773399455.465294,0,0,normal
1773399459.4143767,0,0,normal
1773399463.2883818,2079,2176,normal
1773399466.971255,2079,2176,normal
1773399470.8891969,0,0,normal
1773399475.2307992,0,0,normal
1773399478.7292662,0,0,normal
1773399482.6051414,0,0,normal
1773399486.3047721,0,0,normal
1773399490.6426647,0,0,normal
1773399494.3871675,0,0,normal
1773399498.599941,0,0,normal
1773399502.6489482,0,0,normal
1773399506.7452877,0,0,normal
1773399510.907548,0,0,normal
1773399514.5413105,0,0,normal
1773399518.4821532,0,0,normal
1773399522.4005363,0,0,normal
1773399526.9123743,527,507,normal
1773399530.9070635,527,507,normal
1773399534.9896867,0,0,normal
1773399539.0786376,198,202,normal
1773399542.6345053,198,202,normal
1773399546.5137475,463,466,normal
1773399550.6507618,1001,983,normal
1773399554.8438547,1001,983,normal
1773399559.8519833,16,19,normal
1773399564.3526933,0,0,normal
1773399568.750262,0,0,normal
1773399572.9017832,0,0,normal
1773399577.0418751,0,0,normal
1773399580.9110548,132,112,normal
1773399584.9103012,132,112,normal
1773399589.0941617,266,247,normal
1773399593.324472,352,387,normal
1773399597.5408664,0,0,normal
1773399603.135591,0,0,normal
1773399608.4076955,0,0,normal
1773399612.4623618,0,0,normal
1773399616.863533,0,0,normal
1773399620.9334943,0,0,normal
1773399625.009621,0,0,normal
1773399629.0513294,0,0,normal
1773399633.1426723,0,0,normal
1773399637.2676227,0,0,normal
1773399641.5670226,0,0,normal
1773399645.719087,0,0,normal
1773399650.1021454,0,0,normal
1773399654.2100432,0,0,normal
1773399658.3060741,0,0,normal
1773399662.5425715,0,0,normal
1773399666.5888069,0,0,normal
1773399670.6223066,0,0,normal
1773399674.7285552,0,0,normal
1773399678.9868069,0,0,normal
1773399683.0657375,0,0,normal
1773399687.2365162,0,0,normal
1773399691.4300299,0,0,normal
1773399695.434436,0,0,normal
1773399699.483417,0,0,normal
1773399703.472571,0,0,normal
1773399707.3957994,0,0,normal
1773399711.4751625,0,0,normal
1773399715.5222826,0,0,normal
1773399719.7501962,0,0,normal
1773399723.8861866,0,0,normal
1773399727.9584384,0,0,normal
1773399731.9017096,0,0,normal
1773399735.8869865,0,0,normal
1773399739.9009156,0,0,normal
1773399743.9093022,0,0,normal
1773399747.9536476,0,0,normal
1773399751.955962,0,0,normal
1773399758.545043,0,0,normal
1773399761.6212177,0,0,normal
1773399765.6138637,0,0,normal
1773399770.4503899,0,0,normal
1773399774.5783396,0,0,normal
1773399778.6505764,0,0,normal
1773399782.5853279,0,0,normal
1773399786.890788,0,0,normal
1773399790.863166,0,0,normal
1773399795.273891,0,0,normal
1773399799.3328447,0,0,normal
1773399803.463997,0,0,normal
1773399807.5846696,0,0,normal
1773399811.5227282,0,0,normal
1773399815.5493052,0,0,normal
1773399819.4437811,0,0,normal
1773399824.135893,0,0,normal
1773399828.0097997,0,0,normal
1773399832.213881,0,0,normal
1773399836.7261012,0,0,normal
1773399840.6521037,48,48,normal
1773399844.8234718,48,48,normal
1773399848.899264,0,0,normal
1773399852.9719086,0,0,normal
1773399858.0794399,0,0,normal
1773399861.760553,0,0,normal
1773399866.0818663,0,0,normal
1773399870.128176,0,0,normal
1773399874.0180645,0,0,normal
1773399878.061269,87,96,normal
1773399882.1210084,224,219,normal
1773399886.2028923,224,219,normal
1773399890.4123409,0,0,normal
1773399894.4557455,0,0,normal
1773399898.1979074,311,322,normal
1773399902.2646925,311,322,normal
1773399905.4435325,0,0,normal
1773399908.9955146,0,0,normal
1773399912.9563859,2,38,normal
1773399919.210765,202,0,normal
1773399923.1487727,1603,1091,normal
1773399926.7081628,1603,1091,normal
1773399929.9663754,0,0,normal
1773399933.7478294,2202,1971,normal
1773399936.9574103,2202,1971,normal
1773399940.0599356,0,0,normal
1773399943.2721791,0,0,normal
1773399946.8902824,211,754,normal
1773399951.0385735,0,0,normal
1773399955.1484764,0,0,normal
1773399959.442381,1093,890,normal
1773399963.522628,2250,2270,normal
1773399967.584641,2250,2270,normal
1773399971.6066856,0,0,normal
1773399975.5952284,0,0,normal
1773399979.9096344,0,0,normal
1773399983.97957,0,0,normal
1773399988.437362,0,0,normal
1773399992.5624356,0,0,normal
1773399996.5411618,0,0,normal
1773400000.622048,0,0,normal
1773400004.7607336,0,0,normal
1773400008.7891955,0,0,normal
1773400012.7219822,0,0,normal
1773400016.7666135,0,0,normal
1773400020.8241594,0,0,normal
1773400024.824459,0,0,normal
1773400029.0680943,0,0,normal
1773400033.2009163,0,0,normal
1773400037.7043643,0,0,normal
1773400042.148416,0,0,normal
1773400046.3925066,0,0,normal
1773400050.603004,0,0,normal
1773400054.4815023,0,0,normal
1773400058.5356174,0,0,normal
1773400062.4614859,0,0,normal
1773400066.5011911,0,0,normal
1773400071.0011525,0,0,normal
1773400074.9366765,0,0,normal
1773400078.9736788,0,0,normal
1773400083.3657072,290,0,normal
1773400087.566367,0,0,normal
1773400091.5583978,0,0,normal
1773400095.7708366,0,0,normal
1773400099.9734437,59,33,normal
1773400103.9171224,144,113,normal
1773400107.9798594,144,113,normal
1773400112.0241518,252,233,normal
1773400115.9047515,93,66,normal
1773400119.8760314,93,66,normal
1773400123.9619455,0,0,normal
1773400127.9480133,0,0,normal
1773400132.143676,0,0,normal
1773400136.1966496,0,0,normal
1773400141.8193357,0,0,normal
1773400145.6491559,169,80,normal
1773400149.8636093,0,0,normal
1773400154.587497,0,0,normal
1773400157.7754889,39,41,normal
1773400160.977304,39,41,normal
1773400164.1218648,45,79,normal
1773400167.3044953,196,283,normal
1773400170.4073007,196,283,normal
1773400173.555594,149,155,normal
1773400176.6794379,149,155,normal
1773400179.743951,0,19,normal
1773400183.0282063,0,19,normal
1773400186.1401706,0,0,normal
1773400189.4267707,0,0,normal
1773400192.524669,0,0,normal
1773400195.7200866,0,0,normal
1773400198.8786101,0,0,normal
1773400201.9527833,0,0,normal
1773400205.261864,0,0,normal
1773400208.4873395,0,0,normal
1773400212.0653944,0,0,normal
1773400215.4738686,0,0,normal
1773400218.62598,480,523,normal
1773400221.7618263,365,263,normal
1773400224.8883545,365,263,normal
1773400228.0417726,252,268,normal
1773400231.3049312,252,268,normal
1773400234.6023073,298,331,normal
1773400237.7803912,298,331,normal
1773400241.0054905,0,0,normal
1773400244.2586331,0,0,normal
1773400247.534282,0,0,normal
1773400250.6754458,0,0,normal
1773400253.7904444,0,0,normal
1773400257.0695515,0,0,normal
1773400260.4663053,0,0,normal
1773400263.726104,0,0,normal
1773400266.9510763,0,0,normal
1773400270.3028536,0,0,normal
1773400273.4732003,0,0,normal
1773400276.5988214,0,0,normal
1773400279.8072443,0,0,normal
1773400282.913006,0,0,normal
1773400286.0558999,0,0,normal
1773400289.190646,0,0,normal
1773400292.2745352,0,0,normal
1773400295.5139098,0,0,normal
1773400298.6163042,0,0,normal
1773400302.1241355,0,0,normal
1773400305.2076113,0,0,normal
1773400308.2973912,0,0,normal
1773400311.6016471,0,0,normal
1773400314.6894803,0,0,normal
1773400317.949019,0,0,normal
1773400321.083174,0,0,normal
1773400324.2593517,0,0,normal
1773400327.3864498,0,0,normal
1773400330.4783819,0,0,normal
1773400333.700509,0,0,normal
1773400336.9178946,0,0,normal
1773400340.2011921,0,0,normal
1773400343.3511667,0,0,normal
1773400346.441424,0,0,normal
1773400349.5845563,0,0,normal
1773400352.7640977,0,0,normal
1773400356.0040116,0,0,normal
1773400359.192437,0,0,normal
1773400362.4103677,0,0,normal
1773400365.5668223,0,0,normal
1773400368.7509735,0,0,normal
1773400371.9501348,0,0,normal
1773400375.1384764,0,0,normal
1773400378.384725,0,0,normal
1773400381.5336797,0,0,normal
1773400384.7169378,0,0,normal
1773400387.8488057,0,0,normal
1773400391.0504014,0,0,normal
1773400394.16067,0,0,normal
1773400397.3178678,0,0,normal
1773400400.6253316,0,0,normal
1773400403.766123,0,0,normal
1773400407.0743835,0,0,normal
1773400410.2569954,0,0,normal
1773400413.4752133,0,0,normal
1773400417.11343,0,0,normal
1773400420.190254,0,0,normal
1773400423.3354914,0,0,normal
1773400426.4865384,0,0,normal
1773400429.766205,0,0,normal
1773400432.9141002,0,0,normal
1773400436.0711555,0,0,normal
1773400439.2200046,0,0,normal
1773400442.412305,0,0,normal
1773400445.585237,0,0,normal
1773400448.7286754,0,0,normal
1773400451.8404152,0,0,normal
1773400455.177755,0,0,normal
1773400458.4310017,0,0,normal
1773400461.524181,0,0,normal
1773400464.7161136,0,0,normal
1773400467.943439,0,0,normal
1774604970.2454019,0,0,normal
1774604974.7904077,0,0,normal
1774604978.3062484,0,0,normal
1774604982.0524266,0,0,normal
1774604985.955196,0,0,normal
1774604989.3507712,0,0,normal
1774604992.9171963,0,0,normal
1774604996.5346487,0,0,normal
1774604999.966491,0,0,normal
1774605003.4370496,0,0,normal
1774605009.7411888,0,0,normal
1774605013.2327127,0,0,normal
1774605016.7082837,0,0,normal
1774605020.7971358,0,0,normal
1774605024.2365932,0,0,normal
1774605027.7729259,0,0,normal
1774605033.046902,0,0,normal
1774605037.022918,0,0,normal
1774605040.7652953,0,0,normal
1774605044.1742518,0,0,normal
1774605047.5696487,0,0,normal
1774605050.941929,0,0,normal
1774605054.310657,0,0,normal
1774605057.7139764,0,0,normal
1774605061.1395612,0,0,normal
1774605065.026988,0,0,normal
1774605068.4155872,0,0,normal
1774605071.7984478,0,0,normal
1774605075.311083,0,0,normal
1774605078.8265,0,0,normal
1774605082.255911,0,0,normal
1774605085.7688522,0,0,normal
1774605089.3899677,0,0,normal
1774605092.8437927,0,0,normal
1774605096.2204015,0,0,normal
1774605100.0491927,0,0,normal
1774605103.542712,0,0,normal
1774605108.5770075,0,0,normal
1774605111.9865968,0,0,normal
1774605115.752186,0,0,normal
1774605119.174681,0,0,normal
1774605122.58875,0,0,normal
1774605126.3355088,0,0,normal
1774605129.9031165,0,0,normal
1774605133.37139,0,0,normal
1774605136.7672331,0,0,normal
1774605140.9404662,0,0,normal
1774605144.3944087,0,0,normal
1774605148.4478767,0,0,normal
1774605151.8316398,0,0,normal
1774605155.252783,0,0,normal
1774605159.744097,0,0,normal
1774605163.160344,0,0,normal
1774605166.570322,0,0,normal
1774605170.0229485,0,0,normal
1774605173.4504898,0,0,normal
1774605176.9202826,0,0,normal
1774605180.4655523,0,0,normal
1774605183.9579277,0,0,normal
1774605187.4296813,0,0,normal
1774605191.1494696,0,0,normal
1774605194.5784848,0,0,normal
1774605197.9962416,0,0,normal
1774605201.5315802,0,0,normal
1774605204.9596233,0,0,normal
1774605209.6486285,0,0,normal
1774605213.1070194,0,0,normal
1774605216.6862295,0,0,normal
1774605220.1369774,0,0,normal
1774605223.7886028,0,0,normal
1774605227.4927194,0,0,normal
1774605230.9745686,0,0,normal
1774605234.3840635,0,0,normal
1774605237.935562,0,0,normal
1774605241.3276362,0,0,normal
1774605245.2749197,0,0,normal
1774605248.8567789,0,0,normal
1774605252.3263266,0,0,normal
1774605255.8000858,0,0,normal
1774605260.1761065,0,0,normal
1774605263.5494037,0,0,normal
1774605266.9716363,0,0,normal
1774605270.5714061,0,0,normal
1774605274.2452037,0,0,normal
1774605277.6314785,0,0,normal
1774605281.1556883,0,0,normal
1774605284.543274,0,0,normal
1774605288.1667473,0,0,normal
1774605291.67935,0,0,normal
1774605295.0949721,0,0,normal
1774605298.724923,0,0,normal
1774605303.5519125,0,0,normal
1774605307.041336,0,0,normal
1774605310.4412193,0,0,normal
1774605313.9451149,0,0,normal
1774605317.345877,0,0,normal
1774605320.8448792,0,0,normal
1774605324.3148904,0,0,normal
1774605327.7901812,0,0,normal
1774605331.3124943,0,0,normal
1774605334.7228074,0,0,normal
1774605338.1293578,0,0,normal
1774605341.7384686,0,0,normal
1774605346.6119237,0,0,normal
1774605350.1455462,0,0,normal
1774605353.6090589,0,0,normal
1774605357.1585186,0,0,normal
1774605360.6600363,0,0,normal
1774605364.098488,0,0,normal
1774605367.5313609,0,0,normal
1774605371.1479757,0,0,normal
1774605374.6132083,0,0,normal
1774605378.0947056,0,0,normal
1774605381.6507473,0,0,normal
1774605385.0441482,0,0,normal
1774605388.4716816,0,0,normal
1774605391.8910127,0,0,normal
1774605395.32076,0,0,normal
1774605399.474901,0,0,normal
1774605402.9265223,0,0,normal
1774605406.5394278,0,0,normal
1774605410.182502,0,0,normal
1774605413.6161346,0,0,normal
1774605417.0302095,0,0,normal
1774605420.6180775,0,0,normal
1774605424.0877066,0,0,normal
1774605427.5429392,0,0,normal
1774605431.006175,0,0,normal
1774605434.503271,0,0,normal
1774605437.968625,0,0,normal
1774605442.1706395,0,0,normal
1774605445.5821319,0,0,normal
1774605449.2166052,0,0,normal
1774605452.6654537,0,0,normal
1774605456.520092,0,0,normal
1774605460.1150465,0,0,normal
1774605463.5573564,0,0,normal
1774605467.0183034,0,0,normal
1774605470.4259222,0,0,normal
1774605473.829543,0,0,normal
1774605477.28558,0,0,normal
1774605480.6968658,0,0,normal
1774605484.157621,0,0,normal
1774605487.5870986,0,0,normal
1774605491.3313763,0,0,normal
1774605494.7402384,0,0,normal
1774605498.198748,0,0,normal
1774605501.7013187,0,0,normal
1774605505.1379063,0,0,normal
1774605508.5657084,0,0,normal
1774605512.0109231,0,0,normal
1774605515.410341,0,0,normal
1774605519.0515516,0,0,normal
1774605522.4514642,0,0,normal
1774605525.85691,0,0,normal
1774605529.2729404,0,0,normal
1774605532.7444568,0,0,normal
1774605536.929431,0,0,normal
1774605540.3153358,0,0,normal
1774605543.693827,0,0,normal
1774605547.1396246,0,0,normal
1774605550.89658,0,0,normal
1774605554.2998812,0,0,normal
1774605557.796472,0,0,normal
1774605561.20907,0,0,normal
1774605564.6332402,0,0,normal
1774605568.1233957,0,0,normal
1774605571.639026,0,0,normal
1774605575.1993902,0,0,normal
1774605578.6675463,0,0,normal
1774605582.15851,0,0,normal
1774605585.7388904,0,0,normal
1774605589.1412852,0,0,normal
1774605592.703673,0,0,normal
1774605596.613737,0,0,normal
1774605600.9135606,0,0,normal
1774605604.5254767,0,0,normal
1774605607.952793,0,0,normal
1774605611.4290724,0,0,normal
1774605614.840197,0,0,normal
1774605618.3890374,0,0,normal
1774605621.8538642,0,0,normal
1774605625.264225,0,0,normal
1774605628.8566399,0,0,normal
1774605632.735229,0,0,normal
1774605636.1587322,0,0,normal
1774605639.6013968,0,0,normal
1774605643.1774132,0,0,normal
1774605646.893632,0,0,normal
1774605650.3232546,0,0,normal
1774605653.7389526,0,0,normal
1774605657.2396114,0,0,normal
1774605660.734886,0,0,normal
1774605664.8026187,0,0,normal
1774605668.3545122,0,0,normal
1774605671.7578192,0,0,normal
1774605675.1292613,0,0,normal
1774605678.6080697,0,0,normal
1774605682.0024822,0,0,normal
1774605685.4607506,0,0,normal
1774605689.071266,0,0,normal
1774605692.4243445,0,0,normal
1774605696.4201145,0,0,normal
1774605699.8934708,0,0,normal
1774605703.2773137,0,0,normal
1774605706.665902,0,0,normal
1774605710.0393848,0,0,normal
1774605713.4304109,0,0,normal
1774605717.124425,0,0,normal
1774605720.6887457,0,0,normal
1774605724.0656385,0,0,normal
1774605727.4473615,0,0,normal
1774605730.9337013,0,0,normal
1774605734.4240978,0,0,normal
1774605737.7899528,0,0,normal
1774605741.200788,0,0,normal
1774605744.5582783,0,0,normal
1774605747.9294348,0,0,normal
1774605751.3051987,0,0,normal
1774605754.6907544,0,0,normal
1774605758.0775652,0,0,normal
1774605761.6528754,0,0,normal
1774605765.022637,0,0,normal
1774605768.4371963,0,0,normal
1774605771.9885669,0,0,normal
1774605775.3894587,0,0,normal
1774605778.754032,0,0,normal
1774605782.1389287,0,0,normal
1774605785.7097535,0,0,normal
1774605789.194655,0,0,normal
1774605792.5843048,0,0,normal
1774605796.956697,0,0,normal
1774605800.3435557,0,0,normal
1774605803.7299752,0,0,normal
1774605807.119884,0,0,normal
1774605810.5600066,0,0,normal
1774605813.9904401,0,0,normal
1774605817.3714983,0,0,normal
1774605820.7491767,0,0,normal
1774605824.224999,0,0,normal
1774605827.6005826,0,0,normal
1774605830.9756725,0,0,normal
1774605834.355375,0,0,normal
1774605837.843635,0,0,normal
1774605841.21936,0,0,normal
1774605844.5947714,0,0,normal
1774605848.1730103,0,0,normal
1774605852.2597318,0,0,normal
1774605855.6317363,0,0,normal
1774605859.0039082,0,0,normal
1774605862.4528365,0,0,normal
1774605865.8956313,0,0,normal
1774605869.4744172,0,0,normal
1774605872.839462,0,0,normal
1774605876.234995,0,0,normal
1774605879.6087475,0,0,normal
1774605883.0821085,0,0,normal
1774605886.5024703,0,0,normal
1774605889.9550617,0,0,normal
1774605893.355582,0,0,normal
1774605897.1590152,0,0,normal
1774605900.645751,0,0,normal
1774605904.100553,0,0,normal
1774605907.5076714,0,0,normal
1774605911.0535338,0,0,normal
1774605914.467084,0,0,normal
1774605917.9186924,0,0,normal
1774605921.3134243,0,0,normal
1774605924.7037323,0,0,normal
1774605928.1906912,0,0,normal
1774605931.553213,0,0,normal
1774605935.010363,0,0,normal
1774605938.436498,0,0,normal
1774605941.8540018,0,0,normal
1774605945.2587185,0,0,normal
1774605948.7558088,0,0,normal
1774605952.1287386,0,0,normal
1774605955.4955974,0,0,normal
1774605959.305869,0,0,normal
1774605962.9395957,0,0,normal
1774605966.4016042,0,0,normal
1774605969.7763028,0,0,normal
1774605973.154442,0,0,normal
1774605976.9141374,0,0,normal
1774605980.7244298,0,0,normal
1774605984.1268337,0,0,normal
1774605987.569062,0,0,normal
1774605990.9727564,0,0,normal
1774605994.7410634,0,0,normal
1774605998.4214704,0,0,normal
1774606001.9192894,0,0,normal
1774606005.342098,0,0,normal
1774606009.1015122,0,0,normal
1774606012.558136,0,0,normal
1774606016.18244,0,0,normal
1774606019.585105,0,0,normal
1774606023.199674,0,0,normal
1774606026.8599074,0,0,normal
1774606030.6580713,0,0,normal
1774606034.0766392,0,0,normal
1774606037.5358107,0,0,normal
1774606041.5718243,0,0,normal
1774606045.2224903,0,0,normal
1774606048.6031063,0,0,normal
1774606052.519593,0,0,normal
1774606055.9495232,0,0,normal
1774606059.3217025,0,0,normal
1774606062.797844,0,0,normal
1774606066.2728658,0,0,normal
1774606069.7871752,0,0,normal
1774606073.1733313,0,0,normal
1774606076.6272204,0,0,normal
1774606080.0632896,0,0,normal
1774606083.472673,0,0,normal
1774606086.862254,0,0,normal
1774606090.2703056,0,0,normal
1774606093.654707,0,0,normal
1774606097.1005273,0,0,normal
1774606100.4643304,0,0,normal
1774606103.865464,0,0,normal
1774606107.4484622,0,0,normal
1774606110.92684,0,0,normal
1774606114.318422,0,0,normal
1774606117.7919915,0,0,normal
1774606121.2442176,0,0,normal
1774606124.7752416,0,0,normal
1774606128.3355405,0,0,normal
1774606131.8800955,0,0,normal
1774606135.4106565,0,0,normal
1774606139.196603,0,0,normal
1774606142.6899512,0,0,normal
1774606146.1818633,0,0,normal
1774606151.0720234,0,0,normal
1774606154.461012,0,0,normal
1774606157.9361598,0,0,normal
1774606161.5173113,0,0,normal
1774606164.979447,0,0,normal
1774606168.403731,0,0,normal
1774606171.8487651,0,0,normal
1774606175.3127117,0,0,normal
1774606178.675188,0,0,normal
1774606182.2009842,0,0,normal
1774606185.6602323,0,0,normal
1774606189.02142,0,0,normal
1774606192.5016623,0,0,normal
1774606195.9153373,0,0,normal
1774606199.3015888,0,0,normal
1774606202.6560292,0,0,normal
1774606206.0198398,0,0,normal
1774606209.4040554,0,0,normal
1774606212.8180692,0,0,normal
1774606216.2464714,0,0,normal
1774606220.450853,0,0,normal
1774606223.8600624,0,0,normal
1774606227.2748318,0,0,normal
1774606230.8553925,0,0,normal
1774606234.4267216,0,0,normal
1774606238.0229201,0,0,normal
1774606241.7229526,0,0,normal
1774606245.1642597,0,0,normal
1774606248.7268004,0,0,normal
1774606253.0483801,0,0,normal
1774606256.543673,0,0,normal
1774606260.0686755,0,0,normal
1774606263.5135314,0,0,normal
1774606267.1923134,0,0,normal
1774606270.6638675,0,0,normal
1774606274.1424954,0,0,normal
1774606277.8602655,0,0,normal
1774606281.3169508,0,0,normal
1774606284.7411711,0,0,normal
1774606288.2279785,0,0,normal
1774606291.984098,0,0,normal
1774606295.669467,0,0,normal
1774606300.0026584,0,0,normal
1774606305.2739263,0,0,normal
1774606309.071191,0,0,normal
1774606312.5700572,0,0,normal
1774606316.0399303,0,0,normal
1774606319.597163,0,0,normal
1774606324.1037674,0,0,normal
1774606327.8164732,0,0,normal
1774606331.351306,0,0,normal
1774606334.785671,0,0,normal
1774606338.3819513,0,0,normal
1774606341.8586462,0,0,normal
1774606436.3963575,0,0,normal
1774606482.303395,0,0,normal
1774606493.13019,0,0,normal
1774606504.0403597,0,0,normal
1774606512.6157498,687,683,normal
1774606523.4397757,1392,1394,normal
1774606534.4889421,497,527,normal
1774608262.4743805,861,789,Slouching
1774608410.150932,0,0,Good Posture
1774608414.1473868,0,0,Good Posture
1774608419.8515892,0,0,Good Posture
1774608425.9694405,0,0,Good Posture
1774608431.5793068,0,0,Good Posture
1774608437.2412302,0,0,Good Posture
1774608443.6821089,0,0,Good Posture
1774608449.2388191,0,0,Good Posture
1774608455.2398894,0,0,Good Posture
1774608460.9892223,0,0,Good Posture
1774608467.588717,0,0,Good Posture
1774608470.8354783,0,0,Good Posture
1774608476.4718192,0,0,Good Posture
1774608482.087744,0,0,Good Posture
1774608489.2915866,0,0,Good Posture
1774608494.9239821,0,0,Good Posture
1774608500.6757367,0,0,Good Posture
1774608506.131566,0,0,Good Posture
1774608512.1320317,0,0,Good Posture
1774608517.8189359,0,0,Good Posture
1774608523.7688897,0,0,Good Posture
1774608537.7760296,0,0,Good Posture
1774608548.0602965,0,0,Good Posture
1774608555.1728532,0,0,Good Posture
1774608558.288629,0,0,Good Posture
1774608564.4195726,0,0,Good Posture
1774608570.0396338,0,0,Good Posture
1774608575.6917763,0,0,Good Posture
1774608581.3270097,0,0,Good Posture
1774608587.2095623,0,0,Good Posture
1774608593.114795,0,0,Good Posture
1774608603.7449126,0,0,Good Posture
1774608610.3971825,0,0,Good Posture
1774608615.966904,0,0,Good Posture
1774608621.5367234,0,0,Good Posture
2026-04-02 08:00:54,1350,1353,Severe Bad Posture
2026-04-02 08:00:00,111,100,Good Posture
2026-04-02 08:00:02,206,234,Good Posture
2026-04-02 08:00:04,223,188,Good Posture
2026-04-02 08:00:06,192,223,Good Posture
2026-04-02 08:00:08,144,188,Good Posture
2026-04-02 08:00:10,175,245,Good Posture
2026-04-02 08:00:12,133,247,Good Posture
2026-04-02 08:00:14,181,222,Good Posture
2026-04-02 08:00:16,870,800,Good Posture
2026-04-02 08:00:18,753,842,Slouching
2026-04-02 08:00:20,784,910,Slouching
2026-04-02 08:00:22,898,819,Good Posture
2026-04-02 08:00:24,920,750,Good Posture
2026-04-02 08:00:26,212,838,Neck Forward
2026-04-02 08:00:28,210,851,Neck Forward
2026-04-02 08:00:30,279,847,Neck Forward
2026-04-02 08:00:32,294,873,Neck Forward
2026-04-02 08:00:34,781,159,Back Slouch
2026-04-02 08:00:36,877,152,Back Slouch
2026-04-02 08:00:38,802,281,Back Slouch
2026-04-02 08:00:40,822,186,Back Slouch
2026-04-02 08:00:42,435,568,Slightly Poor Posture
2026-04-02 08:00:44,605,629,Good Posture
2026-04-02 08:00:46,524,352,Slightly Poor Posture
2026-04-02 08:00:48,373,646,Slightly Poor Posture
2026-04-02 08:00:50,540,497,Good Posture
2026-04-02 08:00:52,1382,1389,Severe Bad Posture
2026-04-02 08:00:54,1350,1353,Severe Bad Posture
2026-04-02 08:00:00,111,100,Good Posture
2026-04-02 08:00:02,206,234,Good Posture
2026-04-02 08:00:04,223,188,Good Posture
2026-04-02 08:00:06,192,223,Good Posture
2026-04-02 08:00:08,144,188,Good Posture
2026-04-02 08:00:10,175,245,Good Posture
2026-04-02 08:00:12,133,247,Good Posture
2026-04-02 08:00:14,181,222,Good Posture
2026-04-02 08:00:16,870,800,Good Posture
2026-04-02 08:00:18,753,842,Slouching
2026-04-02 08:00:20,784,910,Slouching
2026-04-02 08:00:22,898,819,Good Posture
2026-04-02 08:00:24,920,750,Good Posture
2026-04-02 08:00:26,212,838,Neck Forward
2026-04-02 08:00:28,210,851,Neck Forward
2026-04-02 08:00:30,279,847,Neck Forward
2026-04-02 08:00:32,294,873,Neck Forward
2026-04-02 08:00:34,781,159,Back Slouch
2026-04-02 08:00:36,877,152,Back Slouch
2026-04-02 08:00:38,802,281,Back Slouch
2026-04-02 08:00:40,822,186,Back Slouch
2026-04-02 08:00:42,435,568,Slightly Poor Posture
2026-04-02 08:00:44,605,629,Good Posture
2026-04-02 08:00:44,605,629,Good Posture
2026-04-02 08:00:46,524,352,Slightly Poor Posture
2026-04-02 08:00:48,373,646,Slightly Poor Posture
2026-04-02 08:00:50,540,497,Good Posture
2026-04-02 08:00:52,1382,1389,Severe Bad Posture
2026-04-06 08:00:54,1350,1353,Severe Bad Posture
2026-04-06 08:00:00,111,100,Good Posture
2026-04-06 08:00:00,111,100,Good Posture
2026-04-06 08:00:00,111,100,Good Posture
2026-04-06 08:00:00,111,100,Good Posture
2026-04-06 08:00:00,111,100,Good Posture
2026-04-06 08:00:00,111,100,Good Posture
2026-04-06 08:00:00,111,100,Good Posture
2026-04-06 08:00:00,111,100,Good Posture
2026-04-06 08:00:00,111,100,Good Posture
2026-04-06 08:00:00,111,100,Good Posture
2026-04-06 08:00:00,111,100,Good Posture
2026-04-06 08:00:00,111,100,Good Posture
2026-04-06 08:00:00,111,100,Good Posture
2026-04-06 08:00:00,111,100,Good Posture
2026-04-06 08:00:00,111,100,Good Posture
2026-04-06 08:00:00,111,100,Good Posture
2026-04-06 08:00:00,111,100,Good Posture
2026-04-06 08:00:00,111,100,Good Posture
2026-04-06 08:00:00,111,100,Good Posture
2026-04-06 08:00:00,111,100,Good Posture
2026-04-06 08:00:00,111,100,Good Posture
2026-04-06 08:00:00,111,100,Good Posture
2026-04-06 08:00:00,111,100,Good Posture
2026-04-06 08:00:00,111,100,Good Posture
2026-04-06 08:00:00,111,100,Good Posture
2026-04-06 08:00:00,111,100,Good Posture
2026-04-06 08:00:00,111,100,Good Posture
2026-04-06 08:00:00,111,100,Good Posture
2026-04-06 08:00:00,111,100,Good Posture
2026-04-06 08:00:00,111,100,Good Posture
2026-04-06 08:00:00,111,100,Good Posture
2026-04-06 08:00:00,111,100,Good Posture
2026-04-06 08:00:00,111,100,Good Posture
2026-04-06 08:00:00,111,100,Good Posture
2026-04-06 08:00:00,111,100,Good Posture
2026-04-06 08:00:00,111,100,Good Posture
2026-04-06 08:00:00,111,100,Good Posture
2026-04-06 08:00:00,111,100,Good Posture
2026-04-06 08:00:00,111,100,Good Posture
2026-04-06 08:00:00,111,100,Good Posture
2026-04-06 08:00:00,111,100,Good Posture
2026-04-06 08:00:00,111,100,Good Posture
2026-04-06 08:00:00,111,100,Good Posture
2026-04-06 08:00:00,111,100,Good Posture
2026-04-06 08:00:00,111,100,Good Posture
2026-04-06 08:00:00,111,100,Good Posture
2026-04-06 08:00:00,111,100,Good Posture
2026-04-06 08:00:00,111,100,Good Posture
2026-04-06 08:00:00,111,100,Good Posture
2026-04-06 08:00:00,111,100,Good Posture
2026-04-06 08:00:00,111,100,Good Posture
2026-04-06 08:00:00,111,100,Good Posture
2026-04-06 08:00:00,111,100,Good Posture
2026-04-06 08:00:00,111,100,Good Posture
2026-04-06 08:00:00,111,100,Good Posture
2026-04-06 08:00:00,111,100,Good Posture
2026-04-06 08:00:00,111,100,Good Posture
2026-04-06 08:00:00,111,100,Good Posture
2026-04-06 08:00:00,111,100,Good Posture
2026-04-06 08:00:00,111,100,Good Posture
2026-04-06 08:00:00,111,100,Good Posture
2026-04-06 08:00:00,111,100,Good Posture
2026-04-06 08:00:00,111,100,Good Posture
2026-04-06 08:00:00,111,100,Good Posture
2026-04-06 08:00:00,111,100,Good Posture
2026-04-06 08:00:00,111,100,Good Posture
2026-04-06 08:00:00,111,100,Good Posture
2026-04-06 08:00:00,111,100,Good Posture
2026-04-06 08:00:00,111,100,Good Posture
2026-04-06 08:00:00,111,100,Good Posture
2026-04-06 08:00:00,111,100,Good Posture
2026-04-06 08:00:00,111,100,Good Posture
2026-04-06 08:00:00,111,100,Good Posture
2026-04-06 08:00:00,111,100,Good Posture
2026-04-06 08:00:00,111,100,Good Posture
2026-04-06 08:00:00,111,100,Good Posture
2026-04-06 08:00:00,111,100,Good Posture
2026-04-06 08:00:00,111,100,Good Posture
2026-04-06 08:00:00,111,100,Good Posture
2026-04-06 08:00:00,111,100,Good Posture
2026-04-06 08:00:00,111,100,Good Posture
2026-04-06 08:00:00,111,100,Good Posture
2026-04-06 08:00:00,111,100,Good Posture
2026-04-06 08:00:00,111,100,Good Posture
2026-04-06 08:00:00,111,100,Good Posture
2026-04-06 08:00:00,111,100,Good Posture
2026-04-06 08:00:00,111,100,Good Posture
2026-04-06 08:00:00,111,100,Good Posture
2026-04-06 08:00:00,111,100,Good Posture
2026-04-06 08:00:00,111,100,Good Posture
2026-04-06 08:00:00,111,100,Good Posture
2026-04-06 08:00:00,111,100,Good Posture
2026-04-06 08:00:00,111,100,Good Posture
2026-04-06 08:00:00,111,100,Good Posture
2026-04-06 08:00:00,111,100,Good Posture
2026-04-06 08:00:00,111,100,Good Posture
2026-04-06 08:00:00,111,100,Good Posture
2026-04-06 08:00:00,111,100,Good Posture
2026-04-06 08:00:00,111,100,Good Posture
2026-04-06 08:00:00,111,100,Good Posture
2026-04-06 08:00:00,111,100,Good Posture
2026-04-06 08:00:00,111,100,Good Posture
2026-04-06 08:00:00,111,100,Good Posture
2026-04-06 08:00:00,111,100,Good Posture
2026-04-06 08:00:00,111,100,Good Posture
2026-04-06 08:00:00,111,100,Good Posture
2026-04-06 08:00:00,111,100,Good Posture
2026-04-06 08:00:00,111,100,Good Posture
2026-04-06 08:00:00,111,100,Good Posture
2026-04-06 08:00:00,111,100,Good Posture
2026-04-06 08:00:00,111,100,Good Posture
2026-04-06 08:00:00,111,100,Good Posture
2026-04-06 08:00:00,111,100,Good Posture
2026-04-06 08:00:00,111,100,Good Posture
2026-04-06 08:00:00,111,100,Good Posture
2026-04-06 08:00:00,111,100,Good Posture
2026-04-06 08:00:00,111,100,Good Posture
2026-04-06 08:00:00,111,100,Good Posture
2026-04-06 08:00:00,111,100,Good Posture
2026-04-06 08:00:00,111,100,Good Posture
2026-04-06 08:00:00,111,100,Good Posture
2026-04-06 08:00:00,111,100,Good Posture
2026-04-06 08:00:00,111,100,Good Posture
2026-04-06 08:00:00,111,100,Good Posture
2026-04-06 08:00:00,111,100,Good Posture
2026-04-06 08:00:54,1350,1353,Severe Bad Posture
2026-04-06 08:00:00,111,100,Good Posture
2026-04-06 08:00:02,206,234,Good Posture
2026-04-06 08:00:04,223,188,Good Posture
2026-04-06 08:00:06,192,223,Good Posture
2026-04-06 08:00:08,144,188,Good Posture
2026-04-06 08:00:10,175,245,Good Posture
2026-04-06 08:00:12,133,247,Good Posture
2026-04-06 08:00:14,181,222,Good Posture
2026-04-06 08:00:16,870,800,Good Posture
2026-04-06 08:00:18,753,842,Slouching
2026-04-06 08:00:20,784,910,Slouching
2026-04-06 08:00:22,898,819,Good Posture
2026-04-06 08:00:24,920,750,Good Posture
2026-04-06 08:00:26,212,838,Neck Forward
2026-04-06 08:00:28,210,851,Neck Forward
2026-04-06 08:00:30,279,847,Neck Forward
2026-04-06 08:00:32,294,873,Neck Forward
2026-04-06 08:00:34,781,159,Back Slouch
2026-04-06 08:00:36,877,152,Back Slouch
2026-04-06 08:00:38,802,281,Back Slouch
2026-04-06 08:00:40,822,186,Back Slouch
2026-04-06 08:00:42,435,568,Slightly Poor Posture
2026-04-06 08:00:44,605,629,Good Posture
2026-04-06 08:00:46,524,352,Slightly Poor Posture
2026-04-06 08:00:48,373,646,Slightly Poor Posture
2026-04-06 08:00:50,540,497,Good Posture
2026-04-06 08:00:52,1382,1389,Severe Bad Posture
2026-04-06 08:00:54,1350,1353,Severe Bad Posture
2026-04-06 08:00:00,111,100,Good Posture
2026-04-06 08:00:02,206,234,Good Posture
2026-04-06 08:00:04,223,188,Good Posture
2026-04-06 08:00:06,192,223,Good Posture
2026-04-06 08:00:08,144,188,Good Posture
2026-04-06 08:00:10,175,245,Good Posture
2026-04-06 08:00:12,133,247,Good Posture
2026-04-06 08:00:14,181,222,Good Posture
2026-04-06 08:00:16,870,800,Good Posture
2026-04-06 08:00:18,753,842,Slouching
2026-04-06 08:00:20,784,910,Slouching
2026-04-06 08:00:22,898,819,Good Posture
2026-04-06 08:00:24,920,750,Good Posture
2026-04-06 08:00:26,212,838,Neck Forward
2026-04-06 08:00:28,210,851,Neck Forward
2026-04-06 08:00:30,279,847,Neck Forward
2026-04-06 08:00:32,294,873,Neck Forward
2026-04-06 08:00:34,781,159,Back Slouch
2026-04-06 08:00:36,877,152,Back Slouch
2026-04-06 08:00:38,802,281,Back Slouch
2026-04-06 08:00:40,822,186,Back Slouch
2026-04-06 08:00:42,435,568,Slightly Poor Posture
2026-04-06 08:00:44,605,629,Good Posture
2026-04-06 08:00:46,524,352,Slightly Poor Posture
2026-04-06 08:00:48,373,646,Slightly Poor Posture
2026-04-06 08:00:50,540,497,Good Posture
2026-04-06 08:00:52,1382,1389,Severe Bad Posture
